Name,Nationality,Date of Birth,Height,Club,Position,Appearances,Wins,Losses,Goals,Goals per match,Headed goals,Goals with right foot,Goals with left foot,Penalties scored,Freekicks scored,Shots,Shots on target,Shooting accuracy %,Hit woodwork,Big chances missed,Assists,Passes,Passes per match,Big Chances Created,Crosses,Cross accuracy %,Through balls,Accurate long balls,Yellow cards,Red cards,Fouls,Offsides,Tackles,Tackle success %,Blocked shots,Interceptions,Clearances,Headed Clearance,Recoveries,Fouls,Duels won,Duels lost,Successful 50/50s,Aerial battles won,Aerial battles lost,Errors leading to goal
Adam Lallana,England,10/05/1988  (36),172cm,Southampton,Midfielder,8,1,6,0,0.00,0,0,0,0,0,3,0,0%,0,0,2,225,28.13,1,2,100%,1,3,4,0,7,0,6,83%,1,4,5,4,17,7,19,23,5,1,2,0
Adam Wharton,England,06/02/2004  (20),182cm,Crystal Palace,Midfielder,8,1,4,0,0.00,0,0,0,0,0,9,5,56%,0,0,0,345,43.13,1,16,31%,2,22,0,0,5,0,18,56%,2,10,13,2,51,5,36,49,1,5,11,0
Aidan Borland,Scotland,25/04/2007  (17),177cm,Aston Villa U19,Midfielder,0,0,0,0,0.00,0,0,0,0,0,0,0,0%,0,0,0,0,0.00,0,0,0%,0,0,0,0,0,0,0,0%,0,0,0,0,0,0,0,0,0,0,0,0
Albert Sambi Lokonga,Belgium,22/10/1999,183cm,,Midfielder,0,0,0,0,0.00,0,0,0,0,0,0,0,0%,0,0,0,0,0.00,0,0,0%,0,0,0,0,0,0,0,0%,0,0,0,0,0,0,0,0,0,0,0,0
Alex Scott,England,21/08/2003  (21),178cm,Bournemouth,Midfielder,8,3,3,0,0.00,0,0,0,0,0,3,1,33%,0,0,0,131,16.38,0,0,0%,0,6,0,0,2,0,16,44%,1,6,4,1,24,2,32,21,2,1,5,0
Alexis Mac Allister,Argentina,24/12/1998  (25),176cm,Liverpool,Midfielder,12,10,1,0,0.00,0,0,0,0,0,7,4,57%,0,0,0,471,39.25,1,2,50%,2,20,4,0,16,0,29,72%,1,4,8,3,49,16,50,64,2,7,9,0
Alfie Devine,England,01/08/2004,182cm,,Midfielder,0,0,0,0,0.00,0,0,0,0,0,0,0,0%,0,0,0,0,0.00,0,0,0%,0,0,0,0,0,0,0,0%,0,0,0,0,0,0,0,0,0,0,0,0
Alfie Harrison,England,28/11/2005,,,Midfielder,0,0,0,0,0,0,0,0,0,0,0,0,0%,0,0,0,0,0,0,0,0%,0,0,0,0,0,0,0,0%,0,0,0,0,0,0,0,0,0,0,0,0
Amadou Onana,Belgium,16/08/2001  (23),195cm,Aston Villa,Midfielder,10,5,3,2,0.20,1,0,1,0,0,11,4,36%,2,1,0,315,31.50,0,1,100%,0,7,3,0,16,0,25,60%,3,16,15,9,36,16,54,44,6,13,12,1
Amario Cozier-Duberry,England,29/05/2005,170cm,,Midfielder,0,0,0,0,0.00,0,0,0,0,0,0,0,0%,0,0,0,0,0.00,0,0,0%,0,0,0,0,0,0,0,0%,0,0,0,0,0,0,0,0,0,0,0,0
Andreas Pereira,Brazil,01/01/1996  (28),178cm,Fulham,Midfielder,12,5,4,1,0.08,0,1,0,0,0,19,6,32%,0,2,0,407,33.92,2,87,34%,2,19,3,0,11,0,8,38%,5,4,2,0,48,11,32,48,6,7,8,0
Andrew Moran,Ireland,15/10/2003,177cm,,Midfielder,0,0,0,0,0.00,0,0,0,0,0,0,0,0%,0,0,0,0,0.00,0,0,0%,0,0,0,0,0,0,0,0%,0,0,0,0,0,0,0,0,0,0,0,0
Andrey Santos,Brazil,03/05/2004,180cm,,Midfielder,0,0,0,0,0.00,0,0,0,0,0,0,0,0%,0,0,0,0,0.00,0,0,0%,0,0,0,0,0,0,0,0%,0,0,0,0,0,0,0,0,0,0,0,0
 André,Brazil,16/07/2001  (23),176cm,Wolverhampton Wanderers,Midfielder,8,1,5,0,0.00,0,0,0,0,0,2,1,50%,0,0,0,201,25.13,0,0,0%,1,12,2,0,8,0,12,58%,1,3,8,2,30,8,25,16,3,0,0,0
André Gomes,Portugal,30/07/1993,188cm,,Midfielder,0,0,0,0,0.00,0,0,0,0,0,0,0,0%,0,0,0,0,0.00,0,0,0%,0,0,0,0,0,0,0,0%,0,0,0,0,0,0,0,0,0,0,0,0
Andy Irving,Scotland,13/05/2000,190cm,,Midfielder,4,1,2,0,0.00,0,0,0,0,0,1,1,100%,0,0,0,37,9.25,0,0,0%,0,1,1,0,1,0,4,75%,0,0,2,0,1,1,4,5,0,0,1,0
Anthony Knockaert,France,20/11/1991,172cm,,Midfielder,0,0,0,0,0.00,0,0,0,0,0,0,0,0%,0,0,0,0,0.00,0,0,0%,0,0,0,0,0,0,0,0%,0,0,0,0,0,0,0,0,0,0,0,0
Anthony Munda,England,08/09/2006,,,Midfielder,0,0,0,0,0.00,0,0,0,0,0,0,0,0%,0,0,0,0,0.00,0,0,0%,0,0,0,0,0,0,0,0%,0,0,0,0,0,0,0,0,0,0,0,0
Arjan Raikhy,England,20/10/2002  (22),,Leicester City,Midfielder,0,0,0,0,0.00,0,0,0,0,0,0,0,0%,0,0,0,0,0.00,0,0,0%,0,0,0,0,0,0,0,0%,0,0,0,0,0,0,0,0,0,0,0,0
Asher Agbinone,England,28/09/2005  (19),177cm,Crystal Palace,Midfielder,2,0,2,0,0,0,0,0,0,0,1,0,0%,0,0,0,2,1,0,1,0%,0,0,0,0,0,0,2,50%,0,0,0,0,0,0,2,3,0,0,1,0
Beaux Booth,England,17/12/2005,,,Midfielder,0,0,0,0,0.00,0,0,0,0,0,0,0,0%,0,0,0,0,0.00,0,0,0%,0,0,0,0,0,0,0,0%,0,0,0,0,0,0,0,0,0,0,0,0
Ben Perry,England,11/10/2004  (20),184cm,Nottingham Forest,Midfielder,0,0,0,0,0.00,0,0,0,0,0,0,0,0%,0,0,0,0,0.00,0,0,0%,0,0,0,0,0,0,0,0%,0,0,0,0,0,0,0,0,0,0,0,0
Bernardo Silva,Portugal,10/08/1994  (30),173cm,Manchester City,Midfielder,12,7,3,0,0.00,0,0,0,0,0,18,6,33%,0,2,3,560,46.67,6,32,9%,2,11,3,0,9,2,9,67%,6,6,7,3,32,9,31,47,13,2,6,0
Bilal El Khannouss,Morocco,10/05/2004  (20),180cm,Leicester City,Midfielder,8,1,5,0,0.00,0,0,0,0,0,2,0,0%,1,0,0,137,17.13,1,7,29%,0,6,0,0,9,0,5,60%,1,0,1,1,8,9,12,23,3,3,2,0
Billy Gee,England,30/07/2005,,,Midfielder,0,0,0,0,,0,0,0,,,,,,0,,0,0,0.00,0,0,0%,0,0,0,0,0,0,0,0%,0,0,0,0,0,0,0,0,0,0,0,0
Billy Gilmour,Scotland,11/06/2001,170cm,,Midfielder,2,2,0,0,0.00,0,0,0,0,0,1,0,0%,0,0,0,66,33.00,0,1,0%,1,4,0,0,2,0,3,100%,1,0,1,1,5,2,7,4,1,0,0,0
Bobby Clark,England,07/02/2005,178cm,,Midfielder,0,0,0,0,0.00,0,0,0,0,0,0,0,0%,0,0,0,0,0.00,0,0,0%,0,0,0,0,0,0,0,0%,0,0,0,0,0,0,0,0,0,0,0,0
Boubacar Kamara,France,23/11/1999  (25),184cm,Aston Villa,Midfielder,3,0,2,0,0.00,0,0,0,0,0,0,0,0%,0,0,0,26,8.67,0,0,0%,0,1,1,0,2,0,1,100%,0,1,1,1,3,2,5,6,0,1,2,0
Boubakary Soumaré,France,27/02/1999  (25),188cm,Sevilla,Midfielder,6,1,3,0,0.00,0,0,0,0,0,1,0,0%,0,0,0,146,24.33,0,0,0%,0,2,3,0,2,0,5,40%,1,2,1,0,19,2,14,11,2,4,2,0
Brajan Gruda,Germany,31/05/2004  (20),178cm,Brighton & Hove Albion,Midfielder,4,2,1,0,0.00,0,0,0,0,0,0,0,0%,0,0,0,20,5.00,0,2,0%,0,0,0,0,0,0,3,33%,0,0,1,1,1,0,4,6,1,0,0,0
Brandon Aguilera,Costa Rica,28/06/2003,179cm,,Midfielder,0,0,0,0,0.00,0,0,0,0,0,0,0,0%,0,0,0,0,0.00,0,0,0%,0,0,0,0,0,0,0,0%,0,0,0,0,0,0,0,0,0,0,0,0
Brandon Cover,Jamaica,25/09/2003,,,Midfielder,0,0,0,0,0.00,0,0,0,0,0,0,0,0%,0,0,0,0,0.00,0,0,0%,0,0,0,0,0,0,0,0%,0,0,0,0,0,0,0,0,0,0,0,0
Bruno Fernandes,Portugal,08/09/1994  (30),179cm,Manchester United,Midfielder,12,4,4,2,0.17,0,2,0,1,0,37,7,19%,2,6,3,600,50.00,8,50,10%,7,36,1,1,10,1,29,66%,12,9,12,6,54,10,61,55,9,9,10,0
Bruno Guimarães,Brazil,16/11/1997  (27),182cm,Newcastle United,Midfielder,12,5,4,0,0.00,0,0,0,0,0,14,4,29%,0,0,1,600,50.00,2,6,50%,9,30,2,0,21,0,28,57%,4,13,10,3,64,21,95,71,17,4,4,1
Bruno Jordão,Portugal,12/10/1998,180cm,,Midfielder,0,0,0,0,0.00,0,0,0,0,0,0,0,0%,0,0,0,0,0.00,0,0,0%,0,0,0,0,0,0,0,0%,0,0,0,0,0,0,0,0,0,0,0,0
Bryan Mbeumo,Cameroon,07/08/1999  (25),173cm,Brentford,Midfielder,12,5,5,8,0.67,0,0,8,2,0,22,12,55%,0,3,1,322,26.83,5,52,29%,4,9,2,0,8,6,15,60%,5,3,13,8,58,8,52,66,12,10,27,0
Callum Bates,England,28/09/2005  (19),180cm,Everton,Midfielder,0,0,0,0,0.00,0,0,0,0,0,0,0,0%,0,0,0,0,0.00,0,0,0%,0,0,0,0,0,0,0,0%,0,0,0,0,0,0,0,0,0,0,0,0
Callum Olusesi,England,11/03/2007  (17),175cm,Tottenham Hotspur,Midfielder,0,0,0,0,0.00,0,0,0,0,0,0,0,0%,0,0,0,0,0.00,0,0,0%,0,0,0,0,0,0,0,0%,0,0,0,0,0,0,0,0,0,0,0,0
Cameron Bragg,England,10/04/2005,,,Midfielder,0,0,0,0,0.00,0,0,0,0,0,0,0,0%,0,0,0,0,0.00,0,0,0%,0,0,0,0,0,0,0,0%,0,0,0,0,0,0,0,0,0,0,0,0
Cameron Peupion,Australia,23/09/2002  (22),175cm,Brighton & Hove Albion,Midfielder,0,0,0,0,0.00,0,0,0,0,0,0,0,0%,0,0,0,0,0.00,0,0,0%,0,0,0,0,0,0,0,0%,0,0,0,0,0,0,0,0,0,0,0,0
Carlos Alcaraz,Argentina,30/11/2002,176cm,,Midfielder,1,0,1,0,0.00,0,0,0,0,0,1,1,100%,0,0,0,11,11.00,0,1,100%,0,1,0,0,1,0,0,0%,0,1,0,0,2,1,1,3,0,1,0,0
Carlos Baleba,Cameroon,03/01/2004  (20),179cm,Brighton & Hove Albion,Midfielder,10,5,1,1,0.10,0,1,0,0,0,16,5,31%,0,0,1,340,34.00,2,1,0%,2,19,1,1,15,0,23,52%,8,16,3,3,54,15,55,47,10,10,7,0
Carlos Soler,Spain,02/01/1997  (27),180cm,West Ham United,Midfielder,9,3,3,0,0.00,0,0,0,0,0,9,3,33%,0,0,0,150,16.67,0,6,17%,2,8,3,0,10,0,3,100%,4,2,4,1,16,10,10,30,2,1,2,0
Carney Chukwuemeka,England,20/10/2003  (21),187cm,Chelsea,Midfielder,0,0,0,0,0.00,0,0,0,0,0,0,0,0%,0,0,0,0,0.00,0,0,0%,0,0,0,0,0,0,0,0%,0,0,0,0,0,0,0,0,0,0,0,0
 Casemiro,Brazil,23/02/1992  (32),185cm,Manchester United,Midfielder,11,4,4,1,0.09,1,0,0,0,0,15,4,27%,0,0,0,434,39.45,3,13,31%,5,24,1,0,8,2,32,63%,3,5,25,18,45,8,57,43,3,17,7,2
Cesare Casadei,Italy,10/01/2003  (21),186cm,Chelsea,Midfielder,0,0,0,0,0.00,0,0,0,0,0,0,0,0%,0,0,0,0,0.00,0,0,0%,0,0,0,0,0,0,0,0%,0,0,0,0,0,0,0,0,0,0,0,0
Cheick Doucouré,Mali,08/01/2000  (24),180cm,Crystal Palace,Midfielder,6,0,2,0,0.00,0,0,0,0,0,3,0,0%,0,0,0,88,14.67,0,0,0%,0,3,0,0,2,0,6,50%,1,6,2,1,14,2,12,11,2,1,3,0
Cheikhou Kouyaté,Senegal,21/12/1989,189cm,,Midfielder,0,0,0,0,0.00,0,0,0,0,0,0,0,0%,0,0,0,0,0.00,0,0,0%,0,0,0,0,0,0,0,0%,0,0,0,0,0,0,0,0,0,0,0,0
Chris Popov,Wales,26/10/2004,,,Midfielder,0,0,0,0,0.00,0,0,0,0,0,0,0,0%,0,0,0,0,0.00,0,0,0%,0,0,0,0,0,0,0,0%,0,0,0,0,0,0,0,0,0,0,0,0
Christian Eriksen,Denmark,14/02/1992  (32),182cm,Manchester United,Midfielder,9,3,3,0,0.00,0,0,0,0,0,3,0,0%,0,0,0,303,33.67,2,39,31%,3,15,2,0,3,0,9,33%,2,4,5,1,24,3,12,15,0,1,4,0
Christian Nørgaard,Denmark,10/03/1994  (30),187cm,Brentford,Midfielder,10,5,4,1,0.10,0,1,0,0,0,12,4,33%,0,2,1,386,38.60,1,1,100%,1,10,2,1,14,0,23,70%,5,14,20,14,50,14,51,39,3,14,8,0
Cole Palmer,England,06/05/2002  (22),189cm,Chelsea,Midfielder,12,6,2,7,0.58,0,0,7,1,1,38,14,37%,2,6,5,418,34.83,10,55,16%,7,34,3,0,4,6,9,67%,13,3,5,0,42,4,52,40,14,0,2,0
Conor Coventry,Ireland,25/03/2000,177cm,,Midfielder,0,0,0,0,0.00,0,0,0,0,0,0,0,0%,0,0,0,0,0.00,0,0,0%,0,0,0,0,0,0,0,0%,0,0,0,0,0,0,0,0,0,0,0,0
Conor Gallagher,England,06/02/2000,182cm,,Midfielder,0,0,0,0,0.00,0,0,0,0,0,0,0,0%,0,0,0,0,0.00,0,0,0%,0,0,0,0,0,0,0,0%,0,0,0,0,0,0,0,0,0,0,0,0
Conor McManus,Ireland,16/06/2004,,,Midfielder,0,0,0,0,0.00,0,0,0,0,0,0,0,0%,0,0,0,0,0.00,0,0,0%,0,0,0,0,0,0,0,0%,0,0,0,0,0,0,0,0,0,0,0,0
Curtis Jones,England,30/01/2001  (23),185cm,Liverpool,Midfielder,9,7,1,1,0.11,0,1,0,0,0,10,4,40%,0,1,1,270,30.00,0,1,0%,0,6,0,0,3,0,11,55%,6,1,4,1,24,3,28,23,5,4,3,0
Daichi Kamada,Japan,05/08/1996  (28),184cm,Crystal Palace,Midfielder,11,1,6,0,0.00,0,0,0,0,0,8,3,38%,0,0,0,293,26.64,0,13,23%,2,13,2,1,15,2,19,47%,3,7,8,7,27,15,33,44,2,1,4,0
Daniel Gore,England,26/09/2004  (20),170cm,Port Vale,Midfielder,0,0,0,0,0.00,0,0,0,0,0,0,0,0%,0,0,0,0,0.00,0,0,0%,0,0,0,0,0,0,0,0%,0,0,0,0,0,0,0,0,0,0,0,0
Daniel Podence,Portugal,21/10/1995,165cm,,Midfielder,2,0,2,0,0.00,0,0,0,0,0,1,0,0%,0,0,0,15,7.50,0,1,0%,0,0,0,0,0,0,0,0%,0,0,0,0,1,0,4,2,2,0,1,0
 Danilo,Brazil,29/04/2001  (23),176cm,Nottingham Forest,Midfielder,1,0,0,0,0.00,0,0,0,0,0,0,0,0%,0,0,0,3,3.00,0,0,0%,0,0,0,0,1,0,0,0%,0,0,0,0,1,1,1,3,1,0,0,0
Dante Cassanova,Jamaica,21/06/2004  (20),179cm,Tottenham Hotspur,Midfielder,0,0,0,0,0.00,0,0,0,0,0,0,0,0%,0,0,0,0,0.00,0,0,0%,0,0,0,0,0,0,0,0%,0,0,0,0,0,0,0,0,0,0,0,0
David Brooks,Wales,08/07/1997  (27),173cm,Bournemouth,Midfielder,5,1,3,1,0.20,0,0,1,0,0,3,1,33%,0,0,0,33,6.60,1,9,33%,0,1,0,0,1,0,1,100%,0,1,1,0,2,1,2,4,0,0,2,0
David Ozoh,England,06/05/2005,190cm,,Midfielder,0,0,0,0,0.00,0,0,0,0,0,0,0,0%,0,0,0,0,0.00,0,0,0%,0,0,0,0,0,0,0,0%,0,0,0,0,0,0,0,0,0,0,0,0
Declan Rice,England,14/01/1999  (25),188cm,Arsenal,Midfielder,10,4,2,0,0.00,0,0,0,0,0,10,2,20%,0,1,1,409,40.90,3,55,22%,0,20,2,1,10,1,14,36%,3,9,13,5,47,10,34,39,6,8,8,0
Dejan Kulusevski,Sweden,25/04/2000  (24),186cm,Tottenham Hotspur,Midfielder,12,6,5,2,0.17,0,0,2,0,0,18,6,33%,0,2,3,308,25.67,6,51,12%,4,6,3,0,19,3,13,62%,10,7,7,4,48,19,47,85,16,3,6,0
Dele Alli,England,11/04/1996,188cm,,Midfielder,0,0,0,0,0.00,0,0,0,0,0,0,0,0%,0,0,0,0,0.00,0,0,0%,0,0,0,0,0,0,0,0%,0,0,0,0,0,0,0,0,0,0,0,0
Dennis Praet,Belgium,14/05/1994,181cm,,Midfielder,0,0,0,0,0.00,0,0,0,0,0,0,0,0%,0,0,0,0,0.00,0,0,0%,0,0,0,0,0,0,0,0%,0,0,0,0,0,0,0,0,0,0,0,0
Dominik Szoboszlai,Hungary,25/10/2000  (24),186cm,Liverpool,Midfielder,12,10,1,1,0.08,0,0,1,0,0,17,5,29%,0,2,1,452,37.67,4,16,38%,2,19,3,0,16,0,9,44%,7,5,3,1,43,16,33,36,10,7,7,0
Donny van de Beek,Netherlands,18/04/1997,184cm,,Midfielder,0,0,0,0,0.00,0,0,0,0,0,0,0,0%,0,0,0,0,0.00,0,0,0%,0,0,0,0,0,0,0,0%,0,0,0,0,0,0,0,0,0,0,0,0
Douglas Luiz,Brazil,09/05/1998,175cm,,Midfielder,0,0,0,0,0.00,0,0,0,0,0,0,0,0%,0,0,0,0,0.00,0,0,0%,0,0,0,0,0,0,0,0%,0,0,0,0,0,0,0,0,0,0,0,0
Eberechi Eze,England,29/06/1998  (26),178cm,Crystal Palace,Midfielder,9,1,5,1,0.11,0,1,0,0,0,37,12,32%,2,5,1,336,37.33,3,30,30%,3,16,0,0,4,1,15,53%,14,3,2,1,46,4,50,74,17,1,20,0
Elliot Anderson,England,06/11/2002  (22),179cm,Nottingham Forest,Midfielder,11,5,2,0,0.00,0,0,0,0,0,15,3,20%,0,0,3,292,26.55,4,22,32%,2,10,3,0,13,1,19,79%,9,4,11,5,42,13,63,45,15,10,6,0
Ellis Stanton,England,19/02/2005,,,Midfielder,0,0,0,0,0.00,0,0,0,0,0,0,0,0%,0,0,0,0,0.00,0,0,0%,0,0,0,0,0,0,0,0%,0,0,0,0,0,0,0,0,0,0,0,0
Emile Smith Rowe,England,28/07/2000  (24),182cm,Fulham,Midfielder,12,5,4,3,0.25,0,1,2,0,0,18,4,22%,1,1,2,459,38.25,1,5,20%,2,9,1,0,8,4,18,67%,9,7,5,2,27,8,37,34,6,4,5,0
Emiliano Buendía,Argentina,25/12/1996  (27),172cm,Aston Villa,Midfielder,5,3,0,0,0.00,0,0,0,0,0,1,0,0%,0,0,0,29,5.80,0,0,0%,1,1,1,0,2,0,2,100%,0,0,0,0,5,2,3,5,0,0,0,0
Emiliano Marcondes,Denmark,09/03/1995,182cm,,Midfielder,0,0,0,0,0.00,0,0,0,0,0,0,0,0%,0,0,0,0,0.00,0,0,0%,0,0,0,0,0,0,0,0%,0,0,0,0,0,0,0,0,0,0,0,0
Enzo Barrenechea,Argentina,22/05/2001,186cm,,Midfielder,0,0,0,0,0.00,0,0,0,0,0,0,0,0%,0,0,0,0,0.00,0,0,0%,0,0,0,0,0,0,0,0%,0,0,0,0,0,0,0,0,0,0,0,0
Enzo Fernández,Argentina,17/01/2001  (23),178cm,Chelsea,Midfielder,11,5,2,1,0.09,1,0,0,0,0,8,3,38%,0,0,2,426,38.73,2,19,26%,4,24,1,0,7,0,26,46%,2,3,7,3,41,7,45,44,3,3,9,0
Ethan Brierley,England,23/11/2003,168cm,,Midfielder,0,0,0,0,0.00,0,0,0,0,0,0,0,0%,0,0,0,0,0.00,0,0,0%,0,0,0,0,0,0,0,0%,0,0,0,0,0,0,0,0,0,0,0,0
Ethan Ennis,England,11/12/2004,178cm,,Midfielder,0,0,0,0,0.00,0,0,0,0,0,0,0,0%,0,0,0,0,0.00,0,0,0%,0,0,0,0,0,0,0,0%,0,0,0,0,0,0,0,0,0,0,0,0
Ethan Nwaneri,England,21/03/2007  (17),176cm,Arsenal U19,Midfielder,6,3,2,1,0.17,0,0,1,0,0,4,2,50%,0,0,0,37,6.17,0,4,25%,0,3,0,0,1,1,1,0%,0,0,1,1,6,1,6,3,3,0,0,0
Facundo Buonanotte,Argentina,23/12/2004  (19),174cm,Leicester City,Midfielder,10,2,5,3,0.30,0,1,2,0,0,20,7,35%,0,1,2,260,26.00,5,24,50%,5,8,5,0,15,1,22,41%,4,5,6,5,41,15,62,88,18,6,13,0
Ferdi Kadioglu,Turkey,07/10/1999  (25),174cm,Brighton & Hove Albion,Midfielder,6,2,2,1,0.17,0,1,0,0,0,4,1,25%,0,1,0,150,25.00,0,9,44%,1,4,1,0,5,1,10,60%,2,8,17,10,14,5,19,20,3,3,1,0
Flynn Downes,England,20/01/1999  (25),173cm,Southampton,Midfielder,12,1,9,1,0.08,0,1,0,0,0,7,3,43%,0,1,0,620,51.67,2,2,0%,5,7,5,0,24,0,26,54%,3,15,21,9,35,24,55,61,1,9,5,2
Frank Onyeka,Nigeria,01/01/1998,183cm,,Midfielder,2,1,1,0,0.00,0,0,0,0,0,0,0,0%,0,0,0,7,3.50,0,0,0%,0,0,0,0,2,0,0,0%,0,0,0,0,2,2,0,3,0,0,0,0
 Fred,Brazil,05/03/1993,169cm,,Midfielder,0,0,0,0,0.00,0,0,0,0,0,0,0,0%,0,0,0,0,0.00,0,0,0%,0,0,0,0,0,0,0,0%,0,0,0,0,0,0,0,0,0,0,0,0
Freddie Potts,England,12/09/2003,,,Midfielder,0,0,0,0,0.00,0,0,0,0,0,0,0,0%,0,0,0,0,0.00,0,0,0%,0,0,0,0,0,0,0,0%,0,0,0,0,0,0,0,0,0,0,0,0
Fábio Carvalho,Portugal,30/08/2002  (22),170cm,Brentford,Midfielder,11,5,5,1,0.09,0,1,0,0,0,6,2,33%,0,1,1,96,8.73,1,6,0%,0,3,1,0,2,1,9,67%,3,2,1,1,16,2,17,21,1,2,4,0
Fábio Vieira,Portugal,30/05/2000,170cm,,Midfielder,0,0,0,0,0.00,0,0,0,0,0,0,0,0%,0,0,0,0,0.00,0,0,0%,0,0,0,0,0,0,0,0%,0,0,0,0,0,0,0,0,0,0,0,0
Gavin Kilkenny,Ireland,01/02/2000,170cm,,Midfielder,0,0,0,0,0.00,0,0,0,0,0,0,0,0%,0,0,0,0,0.00,0,0,0%,0,0,0,0,0,0,0,0%,0,0,0,0,0,0,0,0,0,0,0,0
George Earthy,England,05/09/2004,180cm,,Midfielder,0,0,0,0,0.00,0,0,0,0,0,0,0,0%,0,0,0,0,0.00,0,0,0%,0,0,0,0,0,0,0,0%,0,0,0,0,0,0,0,0,0,0,0,0
Giovani Lo Celso,Argentina,09/04/1996,177cm,,Midfielder,0,0,0,0,0.00,0,0,0,0,0,0,0,0%,0,0,0,0,0.00,0,0,0%,0,0,0,0,0,0,0,0%,0,0,0,0,0,0,0,0,0,0,0,0
Giovani Lo Celso,Argentina,09/04/1996,177cm,,Midfielder,0,0,0,0,0.00,0,0,0,0,0,0,0,0%,0,0,0,0,0.00,0,0,0%,0,0,0,0,0,0,0,0%,0,0,0,0,0,0,0,0,0,0,0,0
Giovanni Reyna,United States,13/11/2002,185cm,,Midfielder,0,0,0,0,0.00,0,0,0,0,0,0,0,0%,0,0,0,0,0.00,0,0,0%,0,0,0,0,0,0,0,0%,0,0,0,0,0,0,0,0,0,0,0,0
Guido Rodríguez,Argentina,12/04/1994  (30),185cm,West Ham United,Midfielder,12,4,5,0,0.00,0,0,0,0,0,6,1,17%,0,0,0,396,33.00,0,3,0%,1,17,3,0,12,1,26,50%,1,10,18,11,37,12,40,35,1,7,4,0
Gustavo Scarpa,Brazil,05/01/1994,176cm,,Midfielder,0,0,0,0,0.00,0,0,0,0,0,0,0,0%,0,0,0,0,0.00,0,0,0%,0,0,0,0,0,0,0,0%,0,0,0,0,0,0,0,0,0,0,0,0
Hakim Ziyech,Morocco,19/03/1993,180cm,,Midfielder,0,0,0,0,0.00,0,0,0,0,0,0,0,0%,0,0,0,0,0.00,0,0,0%,0,0,0,0,0,0,0,0%,0,0,0,0,0,0,0,0,0,0,0,0
Hamza Choudhury,England,01/10/1997  (27),178cm,Leicester City,Midfielder,1,0,0,0,0.00,0,0,0,0,0,0,0,0%,0,0,0,2,2.00,0,1,0%,0,0,0,0,0,0,0,0%,0,1,1,1,0,0,0,0,0,0,0,0
Hannibal Mejbri,Tunisia,21/01/2003,177cm,,Midfielder,0,0,0,0,0.00,0,0,0,0,0,0,0,0%,0,0,0,0,0.00,0,0,0%,0,0,0,0,0,0,0,0%,0,0,0,0,0,0,0,0,0,0,0,0
Harrison Armstrong,England,19/01/2007,185cm,,Midfielder,1,0,1,0,0.00,0,0,0,0,0,0,0,0%,0,0,0,2,2.00,0,1,0%,0,0,0,0,0,0,0,0%,0,0,0,0,0,0,1,1,0,0,0,0
Harrison Reed,England,27/01/1995  (29),181cm,Fulham,Midfielder,8,4,1,0,0.00,0,0,0,0,0,1,0,0%,0,0,0,34,4.25,1,5,20%,0,0,2,0,5,0,5,40%,0,1,2,1,8,5,8,10,0,1,2,0
Harry Arter,Ireland,28/12/1989,176cm,,Midfielder,0,0,0,0,0.00,0,0,0,0,0,0,0,0%,0,0,0,0,0.00,0,0,0%,0,0,0,0,0,0,0,0%,0,0,0,0,0,0,0,0,0,0,0,0
Harry Wilson,Wales,22/03/1997  (27),173cm,Fulham,Midfielder,8,3,3,3,0.38,1,0,2,0,0,5,3,60%,1,0,0,57,7.13,0,5,20%,1,1,2,0,2,0,1,100%,1,0,1,0,7,2,5,5,0,1,2,0
Harry Winks,England,02/02/1996  (28),178cm,Leicester City,Midfielder,11,1,6,0,0.00,0,0,0,0,0,7,2,29%,0,0,2,530,48.18,1,25,40%,0,13,3,0,5,0,12,58%,0,4,12,3,56,5,24,27,1,4,6,0
Harvey Barnes,England,09/12/1997  (26),174cm,Newcastle United,Midfielder,12,5,4,4,0.33,0,4,0,0,0,18,6,33%,0,3,1,169,14.08,3,16,31%,1,2,0,0,6,1,7,71%,5,4,4,1,20,6,24,22,7,2,4,0
Harvey Elliott,England,04/04/2003  (21),170cm,Liverpool,Midfielder,1,1,0,0,0.00,0,0,0,0,0,0,0,0%,0,0,0,12,12.00,0,0,0%,0,0,0,0,0,0,0,0%,0,0,0,0,1,0,0,0,0,0,0,0
Harvey Godsmark-Ford,England,25/09/2003,,,Midfielder,0,0,0,0,0.00,0,0,0,0,0,0,0,0%,0,0,0,0,0.00,0,0,0%,0,0,0,0,0,0,0,0%,0,0,0,0,0,0,0,0,0,0,0,0
Harvey Griffiths,England,22/09/2003,,,Midfielder,0,0,0,0,0.00,0,0,0,0,0,0,0,0%,0,0,0,0,0.00,0,0,0%,0,0,0,0,0,0,0,0%,0,0,0,0,0,0,0,0,0,0,0,0
Ibrahim Sangaré,Cote D’Ivoire,02/12/1997  (26),191cm,Nottingham Forest,Midfielder,3,1,0,0,0.00,0,0,0,0,0,1,1,100%,0,0,0,113,37.67,0,0,0%,0,3,2,0,5,0,15,60%,0,2,2,1,18,5,24,12,0,5,3,0
Idris El Mizouni,Tunisia,26/09/2000,185cm,,Midfielder,0,0,0,0,0.00,0,0,0,0,0,0,0,0%,0,0,0,0,0.00,0,0,0%,0,0,0,0,0,0,0,0%,0,0,0,0,0,0,0,0,0,0,0,0
Idrissa Gueye,Senegal,26/09/1989  (35),174cm,Everton,Midfielder,11,2,5,0,0.00,0,0,0,0,0,14,2,14%,1,1,0,401,36.45,0,4,75%,2,24,1,0,18,0,35,54%,3,11,7,2,52,18,59,48,4,8,3,0
Ilkay Gündogan,Germany,24/10/1990  (34),180cm,Manchester City,Midfielder,11,6,3,0,0.00,0,0,0,0,0,12,3,25%,1,3,1,503,45.73,0,36,11%,5,13,0,0,7,0,8,50%,2,4,7,3,37,7,35,31,8,8,5,0
Isaac Hayden,Jamaica,22/03/1995  (29),185cm,Newcastle United,Midfielder,0,0,0,0,,0,0,0,,,,,,0,,0,0,0.00,0,0,0%,0,0,0,0,0,0,0,0%,0,0,0,0,0,0,0,0,0,0,0,0
Isaac Holland,England,02/09/2005,,,Midfielder,0,0,0,0,0.00,0,0,0,0,0,0,0,0%,0,0,0,0,0.00,0,0,0%,0,0,0,0,0,0,0,0%,0,0,0,0,0,0,0,0,0,0,0,0
Isak Hansen-Aaröen,Norway,22/08/2004,173cm,,Midfielder,0,0,0,0,0.00,0,0,0,0,0,0,0,0%,0,0,0,0,0.00,0,0,0%,0,0,0,0,0,0,0,0%,0,0,0,0,0,0,0,0,0,0,0,0
Jack Grealish,England,10/09/1995  (29),180cm,Manchester City,Midfielder,8,5,1,0,0.00,0,0,0,0,0,7,2,29%,0,0,1,196,24.50,1,13,15%,0,6,2,0,2,0,5,40%,4,1,2,0,14,2,24,14,9,1,5,1
Jack Hinchy,England,30/01/2003,180cm,,Midfielder,0,0,0,0,0.00,0,0,0,0,0,0,0,0%,0,0,0,0,0.00,0,0,0%,0,0,0,0,0,0,0,0%,0,0,0,0,0,0,0,0,0,0,0,0
Jack Hinshelwood,England,11/04/2005  (19),181cm,Brighton & Hove Albion,Midfielder,10,5,2,1,0.10,1,0,0,0,0,7,3,43%,0,1,0,444,44.40,0,21,19%,0,17,2,0,8,0,12,75%,2,4,14,6,30,8,20,26,1,5,7,0
Jack Taylor,Ireland,23/06/1998  (26),185cm,Ipswich Town,Midfielder,7,0,4,0,0.00,0,0,0,0,0,5,2,40%,0,1,0,98,14.00,0,1,0%,1,6,2,0,6,0,3,33%,1,2,7,4,9,6,7,11,1,3,1,0
Jack Wells-Morrison,England,18/02/2004,180cm,,Midfielder,0,0,0,0,0.00,0,0,0,0,0,0,0,0%,0,0,0,0,0.00,0,0,0%,0,0,0,0,0,0,0,0%,0,0,0,0,0,0,0,0,0,0,0,0
Jacob Murphy,England,24/02/1995  (29),179cm,Newcastle United,Midfielder,10,3,4,0,0.00,0,0,0,0,0,7,3,43%,0,0,2,202,20.20,1,21,10%,2,5,1,0,3,2,8,75%,3,2,1,1,21,3,14,30,4,1,4,0
Jacob Ramsey,England,28/05/2001  (23),180cm,Aston Villa,Midfielder,10,5,3,0,0.00,0,0,0,0,0,10,3,30%,0,0,2,255,25.50,3,5,0%,2,3,1,0,4,1,7,43%,4,5,2,1,34,4,32,22,16,1,3,0
Jadan Raymond,Wales,15/10/2003,,,Midfielder,0,0,0,0,0.00,0,0,0,0,0,0,0,0%,0,0,0,0,0.00,0,0,0%,0,0,0,0,0,0,0,0%,0,0,0,0,0,0,0,0,0,0,0,0
Jairo Riedewald,Netherlands,09/09/1996,182cm,,Midfielder,0,0,0,0,0.00,0,0,0,0,0,0,0,0%,0,0,0,0,0.00,0,0,0%,0,0,0,0,0,0,0,0%,0,0,0,0,0,0,0,0,0,0,0,0
Jakub Moder,Poland,07/04/1999  (25),188cm,Brighton & Hove Albion,Midfielder,2,1,1,0,0.00,0,0,0,0,0,0,0,0%,0,0,0,13,6.50,0,0,0%,0,0,0,0,0,0,0,0%,0,0,2,0,1,0,0,2,0,0,0,0
Jamaldeen Jimoh,England,02/10/2006  (18),183cm,Aston Villa,Midfielder,0,0,0,0,0.00,0,0,0,0,0,0,0,0%,0,0,0,0,0.00,0,0,0%,0,0,0,0,0,0,0,0%,0,0,0,0,0,0,0,0,0,0,0,0
James Garner,England,13/03/2001  (23),186cm,Everton,Midfielder,4,1,1,0,0.00,0,0,0,0,0,2,0,0%,0,0,0,72,18.00,0,6,33%,0,2,1,0,4,0,10,80%,1,4,7,2,14,4,13,13,2,1,2,0
James Huntley,England,02/03/2004,,,Midfielder,0,0,0,0,0.00,0,0,0,0,0,0,0,0%,0,0,0,0,0.00,0,0,0%,0,0,0,0,0,0,0,0%,0,0,0,0,0,0,0,0,0,0,0,0
James Maddison,England,23/11/1996  (28),175cm,Tottenham Hotspur,Midfielder,12,6,5,5,0.42,0,2,3,0,1,20,13,65%,0,4,3,489,40.75,3,55,25%,6,18,2,0,11,1,15,60%,5,7,11,5,32,11,62,49,15,5,3,0
James McAtee,England,18/10/2002  (22),180cm,Manchester City,Midfielder,1,1,0,0,0.00,0,0,0,0,0,0,0,0%,0,0,0,4,4.00,0,0,0%,0,0,0,0,0,0,0,0%,0,0,0,0,0,0,0,1,0,0,1,0
James McConnell,England,13/09/2004,,,Midfielder,0,0,0,0,0.00,0,0,0,0,0,0,0,0%,0,0,0,0,0.00,0,0,0%,0,0,0,0,0,0,0,0%,0,0,0,0,0,0,0,0,0,0,0,0
James Milner,England,04/01/1986  (38),175cm,Brighton & Hove Albion,Midfielder,3,2,0,0,0.00,0,0,0,0,0,2,1,50%,0,0,0,65,21.67,0,8,38%,2,1,1,0,3,0,5,40%,0,2,2,0,2,3,7,4,1,0,1,0
James Ward-Prowse,England,01/11/1994  (30),173cm,Nottingham Forest,Midfielder,7,1,4,0,0.00,0,0,0,0,0,2,1,50%,0,0,0,170,24.29,0,22,23%,0,4,0,1,5,0,5,20%,1,5,5,2,18,5,10,11,0,3,4,0
Jamie McDonnell,Northern Ireland,16/02/2004,,,Midfielder,0,0,0,0,0.00,0,0,0,0,0,0,0,0%,0,0,0,0,0.00,0,0,0%,0,0,0,0,0,0,0,0%,0,0,0,0,0,0,0,0,0,0,0,0
Jay Turner-Cooke,England,31/12/2003,179cm,,Midfielder,0,0,0,0,0.00,0,0,0,0,0,0,0,0%,0,0,0,0,0.00,0,0,0%,0,0,0,0,0,0,0,0%,0,0,0,0,0,0,0,0,0,0,0,0
Jayce Fitzgerald,England,09/05/2007  (17),179cm,Manchester United U19,Midfielder,0,0,0,0,0.00,0,0,0,0,0,0,0,0%,0,0,0,0,0.00,0,0,0%,0,0,0,0,0,0,0,0%,0,0,0,0,0,0,0,0,0,0,0,0
Jean-Philippe Gbamin,Cote D’Ivoire,25/09/1995,186cm,,Midfielder,0,0,0,0,0.00,0,0,0,0,0,0,0,0%,0,0,0,0,0.00,0,0,0%,0,0,0,0,0,0,0,0%,0,0,0,0,0,0,0,0,0,0,0,0
Jean-Ricner Bellegarde,France,27/06/1998  (26),170cm,Wolverhampton Wanderers,Midfielder,11,2,7,1,0.09,0,1,0,0,0,6,2,33%,0,0,1,134,12.18,0,11,18%,1,7,2,0,10,1,7,57%,1,5,6,2,20,10,26,46,3,1,11,0
Jeff Hendrick,Ireland,31/01/1992,185cm,,Midfielder,0,0,0,0,0.00,0,0,0,0,0,0,0,0%,0,0,0,0,0.00,0,0,0%,0,0,0,0,0,0,0,0%,0,0,0,0,0,0,0,0,0,0,0,0
Jefferson Lerma,Colombia,25/10/1994  (30),179cm,Crystal Palace,Midfielder,9,1,5,0,0.00,0,0,0,0,0,7,0,0%,0,0,0,296,32.89,1,1,0%,2,17,4,0,11,0,8,63%,3,11,13,9,45,11,30,35,0,14,17,0
Jeffrey Schlupp,Ghana,23/12/1992  (31),178cm,Crystal Palace,Midfielder,9,0,4,0,0.00,0,0,0,0,0,3,2,67%,1,0,0,37,4.11,0,4,25%,0,2,0,0,0,0,2,0%,0,0,1,0,5,0,5,6,1,2,3,0
Jens Cajuste,Sweden,10/08/1999  (25),188cm,Ipswich Town,Midfielder,6,1,1,0,0.00,0,0,0,0,0,2,0,0%,0,0,0,118,19.67,0,4,0%,1,4,1,0,6,0,6,50%,0,2,4,1,16,6,14,18,5,0,5,0
Jensen Weir,England,31/01/2002,186cm,,Midfielder,0,0,0,0,0.00,0,0,0,0,0,0,0,0%,0,0,0,0,0.00,0,0,0%,0,0,0,0,0,0,0,0%,0,0,0,0,0,0,0,0,0,0,0,0
Jenson Metcalfe,England,06/09/2004,,,Midfielder,0,0,0,0,0.00,0,0,0,0,0,0,0,0%,0,0,0,0,0.00,0,0,0%,0,0,0,0,0,0,0,0%,0,0,0,0,0,0,0,0,0,0,0,0
Jeremy Sarmiento,Ecuador,16/06/2002,178cm,,Midfielder,1,1,0,0,0.00,0,0,0,0,0,0,0,0%,0,0,0,6,6.00,0,0,0%,0,0,0,0,0,0,0,0%,0,0,0,0,1,0,0,0,0,0,0,0
Jesper Lindstrøm,Denmark,29/02/2000  (24),182cm,Everton,Midfielder,8,1,3,0,0.00,0,0,0,0,0,14,6,43%,0,1,0,123,15.38,2,34,26%,1,2,0,0,2,1,14,36%,3,3,3,2,21,2,22,35,2,3,1,0
Jimi Gower,England,01/10/2004,,,Midfielder,0,0,0,0,0.00,0,0,0,0,0,0,0,0%,0,0,0,0,0.00,0,0,0%,0,0,0,0,0,0,0,0%,0,0,0,0,0,0,0,0,0,0,0,0
Jimi Tauriainen,Finland,08/03/2004,,,Midfielder,0,0,0,0,0.00,0,0,0,0,0,0,0,0%,0,0,0,0,0.00,0,0,0%,0,0,0,0,0,0,0,0%,0,0,0,0,0,0,0,0,0,0,0,0
Joe Aribo,Nigeria,21/07/1996  (28),183cm,Southampton,Midfielder,12,1,9,1,0.08,0,0,1,0,0,9,4,44%,2,1,0,314,26.17,1,6,0%,1,2,0,0,7,0,11,64%,3,7,9,5,34,7,37,36,8,8,2,0
Joe Hodge,Ireland,14/09/2002,172cm,,Midfielder,0,0,0,0,0.00,0,0,0,0,0,0,0,0%,0,0,0,0,0.00,0,0,0%,0,0,0,0,0,0,0,0%,0,0,0,0,0,0,0,0,0,0,0,0
Joe Rothwell,England,11/01/1995,185cm,,Midfielder,0,0,0,0,0.00,0,0,0,0,0,0,0,0%,0,0,0,0,0.00,0,0,0%,0,0,0,0,0,0,0,0%,0,0,0,0,0,0,0,0,0,0,0,0
Joe Willock,England,20/08/1999  (25),179cm,Newcastle United,Midfielder,10,3,4,0,0.00,0,0,0,0,0,8,1,13%,0,0,1,123,12.30,3,7,14%,0,3,1,0,7,2,10,60%,4,2,3,1,15,7,21,31,5,0,5,0
John McGinn,Scotland,18/10/1994  (30),178cm,Aston Villa,Midfielder,10,5,3,0,0.00,0,0,0,0,0,11,0,0%,0,1,1,192,19.20,3,19,16%,3,11,2,0,11,1,10,60%,5,2,3,3,27,11,40,33,6,5,5,0
Jonjo Shelvey,England,27/02/1992,184cm,,Midfielder,0,0,0,0,0.00,0,0,0,0,0,0,0,0%,0,0,0,0,0.00,0,0,0%,0,0,0,0,0,0,0,0%,0,0,0,0,0,0,0,0,0,0,0,0
 Jorginho,Italy,20/12/1991  (32),180cm,Arsenal,Midfielder,4,3,1,0,0.00,0,0,0,0,0,1,0,0%,0,0,0,106,26.50,0,0,0%,1,3,3,0,5,0,2,50%,0,0,0,0,13,5,7,13,0,1,1,0
Joseph O'Brien-Whitmarsh,Ireland,11/05/2005  (19),173cm,Southampton,Midfielder,0,0,0,0,0.00,0,0,0,0,0,0,0,0%,0,0,0,0,0.00,0,0,0%,0,0,0,0,0,0,0,0%,0,0,0,0,0,0,0,0,0,0,0,0
Josh Bowler,England,05/03/1999,184cm,,Midfielder,0,0,0,0,0,0,0,0,0,0,0,0,0%,0,0,0,0,0,0,0,0%,0,0,0,0,0,0,0,0%,0,0,0,0,0,0,0,0,0,0,0,0
Josh Dasilva,England,23/10/1998  (26),184cm,Brentford,Midfielder,0,0,0,0,0.00,0,0,0,0,0,0,0,0%,0,0,0,0,0.00,0,0,0%,0,0,0,0,0,0,0,0%,0,0,0,0,0,0,0,0,0,0,0,0
Josh King,England,03/01/2007  (17),187cm,Fulham,Midfielder,0,0,0,0,0.00,0,0,0,0,0,0,0,0%,0,0,0,0,0.00,0,0,0%,0,0,0,0,0,0,0,0%,0,0,0,0,0,0,0,0,0,0,0,0
João Gomes,Brazil,12/02/2001  (23),176cm,Wolverhampton Wanderers,Midfielder,12,2,7,2,0.17,0,1,1,0,0,11,4,36%,0,0,1,451,37.58,0,9,22%,1,15,4,0,25,1,40,53%,3,10,9,3,65,25,67,78,12,4,11,0
João Palhinha,Portugal,09/07/1995,190cm,,Midfielder,0,0,0,0,0.00,0,0,0,0,0,0,0,0%,0,0,0,0,0.00,0,0,0%,0,0,0,0,0,0,0,0%,0,0,0,0,0,0,0,0,0,0,0,0
Julio Enciso,Paraguay,23/01/2004  (20),173cm,Brighton & Hove Albion,Midfielder,7,3,1,0,0.00,0,0,0,0,0,5,3,60%,0,0,0,45,6.43,0,13,23%,0,0,0,0,1,0,0,0%,0,0,0,0,6,1,11,10,6,2,1,0
Justin Devenny,Northern Ireland,11/10/2003  (21),178cm,Crystal Palace,Midfielder,2,0,1,1,0.50,0,1,0,0,0,3,1,33%,0,0,0,36,18.00,1,3,0%,0,1,0,0,0,0,4,75%,1,0,1,1,2,0,4,5,0,0,2,0
Kacper Kozlowski,Poland,16/10/2003,182cm,,Midfielder,0,0,0,0,0.00,0,0,0,0,0,0,0,0%,0,0,0,0,0.00,0,0,0%,0,0,0,0,0,0,0,0%,0,0,0,0,0,0,0,0,0,0,0,0
Kaden Rodney,England,07/10/2004  (20),189cm,Crystal Palace,Midfielder,0,0,0,0,0.00,0,0,0,0,0,0,0,0%,0,0,0,0,0.00,0,0,0%,0,0,0,0,0,0,0,0%,0,0,0,0,0,0,0,0,0,0,0,0
Kai Havertz,Germany,11/06/1999  (25),193cm,Arsenal,Midfielder,11,5,2,4,0.36,1,0,2,0,0,28,10,36%,0,6,1,244,22.18,1,5,20%,1,1,2,0,20,7,9,67%,6,5,24,17,24,20,64,103,6,37,50,0
Kamaldeen Sulemana,Ghana,15/02/2002  (22),175cm,Southampton,Midfielder,3,0,2,0,0.00,0,0,0,0,0,1,0,0%,0,0,0,1,0.33,0,0,0%,0,0,0,0,1,1,3,100%,1,0,1,0,1,1,5,6,1,0,2,0
Kamarai Swyer,England,04/12/2002,183cm,,Midfielder,0,0,0,0,0.00,0,0,0,0,0,0,0,0%,0,0,0,0,0.00,0,0,0%,0,0,0,0,0,0,0,0%,0,0,0,0,0,0,0,0,0,0,0,0
Kaoru Mitoma,Japan,20/05/1997  (27),178cm,Brighton & Hove Albion,Midfielder,13,6,2,3,0.23,1,2,0,0,0,25,11,44%,0,6,2,391,30.08,4,34,,,,0,0,15,2,17,,8,6,2,0,,15,,,,,,
Kasey McAteer,Ireland,22/11/2001  (23),177cm,Leicester City,Midfielder,6,0,4,0,0.00,0,0,0,0,0,3,0,0%,0,0,0,38,6.33,0,3,0%,0,0,0,0,3,2,4,50%,1,0,4,2,10,3,10,11,1,3,5,0
Kevin De Bruyne,Belgium,28/06/1991  (33),181cm,Manchester City,Midfielder,6,4,2,1,0.17,0,0,1,0,0,16,3,19%,2,0,1,322,53.67,5,36,28%,4,15,2,0,5,2,3,67%,5,2,0,0,16,5,13,27,5,1,5,0
Kevin Schade,Germany,27/11/2001  (23),183cm,Brentford,Midfielder,12,5,5,0,0.00,0,0,0,0,0,9,4,44%,1,5,0,96,8.00,0,10,10%,0,1,1,0,5,6,14,79%,2,0,6,3,16,5,46,41,5,19,13,0
Kiano Dyer,England,21/11/2006,178cm,,Midfielder,0,0,0,0,0.00,0,0,0,0,0,0,0,0%,0,0,0,0,0.00,0,0,0%,0,0,0,0,0,0,0,0%,0,0,0,0,0,0,0,0,0,0,0,0
Kiernan Dewsbury-Hall,England,06/09/1998  (26),178cm,Chelsea,Midfielder,4,3,1,0,0.00,0,0,0,0,0,0,0,0%,0,0,0,37,9.25,0,0,0%,0,1,0,0,1,0,0,0%,0,1,1,1,2,1,2,2,1,0,0,0
Killian Phillips,Ireland,30/03/2002,,,Midfielder,0,0,0,0,0.00,0,0,0,0,0,0,0,0%,0,0,0,0,0.00,0,0,0%,0,0,0,0,0,0,0,0%,0,0,0,0,0,0,0,0,0,0,0,0
Kobbie Mainoo,England,19/04/2005  (19),175cm,Manchester United,Midfielder,7,2,3,0,0.00,0,0,0,0,0,4,0,0%,0,0,0,283,40.43,1,1,0%,1,11,4,0,10,1,16,81%,3,14,2,2,33,10,45,41,14,5,7,1
Kristian Sekularac,Switzerland,07/12/2003,185cm,,Midfielder,0,0,0,0,0.00,0,0,0,0,0,0,0,0%,0,0,0,0,0.00,0,0,0%,0,0,0,0,0,0,0,0%,0,0,0,0,0,0,0,0,0,0,0,0
Leander Dendoncker,Belgium,15/04/1995,188cm,,Midfielder,0,0,0,0,0.00,0,0,0,0,0,0,0,0%,0,0,0,0,0.00,0,0,0%,0,0,0,0,0,0,0,0%,0,0,0,0,0,0,0,0,0,0,0,0
Leo Castledine,England,20/08/2005,,,Midfielder,0,0,0,0,0.00,0,0,0,0,0,0,0,0%,0,0,0,0,0.00,0,0,0%,0,0,0,0,0,0,0,0%,0,0,0,0,0,0,0,0,0,0,0,0
Leon Ayinde,Ireland,05/09/2004,,,Midfielder,0,0,0,0,0,0,0,0,0,0,0,0,0%,0,0,0,0,0,0,0,0%,0,0,0,0,0,0,0,0%,0,0,0,0,0,0,0,0,0,0,0,0
Leon Bailey,Jamaica,09/08/1997  (27),178cm,Aston Villa,Midfielder,11,4,3,0,0.00,0,0,0,0,0,10,1,10%,2,1,2,179,16.27,3,18,17%,3,5,2,0,7,2,2,0%,4,1,6,2,31,7,21,40,7,2,4,0
Lesley Ugochukwu,France,26/03/2004  (20),190cm,Southampton,Midfielder,6,1,4,0,0.00,0,0,0,0,0,1,0,0%,0,1,0,93,15.50,0,1,0%,0,0,1,0,4,0,5,40%,0,2,1,1,11,4,12,13,3,3,1,0
Lewis Cook,England,03/02/1997  (27),175cm,Bournemouth,Midfielder,12,4,5,1,0.08,1,0,0,0,0,8,2,25%,0,0,3,503,41.92,4,57,23%,3,19,4,0,28,1,32,59%,3,20,17,7,63,28,45,68,2,9,13,0
Lewis Miley,England,01/05/2006  (18),185cm,Newcastle United,Midfielder,0,0,0,0,0.00,0,0,0,0,0,0,0,0%,0,0,0,0,0.00,0,0,0%,0,0,0,0,0,0,0,0%,0,0,0,0,0,0,0,0,0,0,0,0
Lewis Orford,England,18/02/2006,,,Midfielder,0,0,0,0,0.00,0,0,0,0,0,0,0,0%,0,0,0,0,0.00,0,0,0%,0,0,0,0,0,0,0,0%,0,0,0,0,0,0,0,0,0,0,0,0
Lewis Warrington,England,10/10/2002,,,Midfielder,0,0,0,0,0.00,0,0,0,0,0,0,0,0%,0,0,0,0,0.00,0,0,0%,0,0,0,0,0,0,0,0%,0,0,0,0,0,0,0,0,0,0,0,0
Logan Briggs,England,07/02/2005,,,Midfielder,0,0,0,0,0.00,0,0,0,0,0,0,0,0%,0,0,0,0,0.00,0,0,0%,0,0,0,0,0,0,0,0%,0,0,0,0,0,0,0,0,0,0,0,0
Luca Stephenson,England,17/09/2003,,,Midfielder,0,0,0,0,0.00,0,0,0,0,0,0,0,0%,0,0,0,0,0.00,0,0,0%,0,0,0,0,0,0,0,0%,0,0,0,0,0,0,0,0,0,0,0,0
Lucas Bergvall,Sweden,02/02/2006  (18),187cm,Tottenham Hotspur,Midfielder,6,4,1,0,0.00,0,0,0,0,0,2,0,0%,0,0,0,54,9.00,1,5,60%,0,2,0,0,3,0,5,40%,1,0,0,0,5,3,11,10,3,1,0,0
Lucas De Bolle,Scotland,22/10/2002,,,Midfielder,0,0,0,0,0.00,0,0,0,0,0,0,0,0%,0,0,0,0,0.00,0,0,0%,0,0,0,0,0,0,0,0%,0,0,0,0,0,0,0,0,0,0,0,0
Lucas Paquetá,Brazil,27/08/1997  (27),180cm,West Ham United,Midfielder,13,4,6,2,0.15,0,1,1,1,0,16,4,25%,0,0,0,555,42.69,2,14,14%,4,38,4,0,20,1,23,70%,5,7,15,10,63,20,56,86,7,14,23,1
Luke Cundle,England,26/04/2002  (22),170cm,Wolverhampton Wanderers,Midfielder,0,0,0,0,0.00,0,0,0,0,0,0,0,0%,0,0,0,0,0.00,0,0,0%,0,0,0,0,0,0,0,0%,0,0,0,0,0,0,0,0,0,0,0,0
Luke Harris,Wales,04/03/2005,177cm,,Midfielder,0,0,0,0,0.00,0,0,0,0,0,0,0,0%,0,0,0,0,0.00,0,0,0%,0,0,0,0,0,0,0,0%,0,0,0,0,0,0,0,0,0,0,0,0
Luke Rawlings,England,04/04/2008  (16),178cm,,Midfielder,0,0,0,0,0.00,0,0,0,0,0,0,0,0%,0,0,0,0,0.00,0,0,0%,0,0,0,0,0,0,0,0%,0,0,0,0,0,0,0,0,0,0,0,0
Mahamadou Susoho,Spain,20/01/2005,175cm,,Midfielder,0,0,0,0,0.00,0,0,0,0,0,0,0,0%,0,0,0,0,0.00,0,0,0%,0,0,0,0,0,0,0,0%,0,0,0,0,0,0,0,0,0,0,0,0
Mahmoud Dahoud,Syria,01/01/1996,178cm,,Midfielder,0,0,0,0,0.00,0,0,0,0,0,0,0,0%,0,0,0,0,0.00,0,0,0%,0,0,0,0,0,0,0,0%,0,0,0,0,0,0,0,0,0,0,0,0
Mahmoud Dahoud,Syria,01/01/1996,178cm,,Midfielder,0,0,0,0,0.00,0,0,0,0,0,0,0,0%,0,0,0,0,0.00,0,0,0%,0,0,0,0,0,0,0,0%,0,0,0,0,0,0,0,0,0,0,0,0
Malachi Boateng,England,05/07/2002,182cm,,Midfielder,0,0,0,0,0.00,0,0,0,0,0,0,0,0%,0,0,0,0,0.00,0,0,0%,0,0,0,0,0,0,0,0%,0,0,0,0,0,0,0,0,0,0,0,0
Malick Yalcouyé,Mali,18/11/2005,169cm,,Midfielder,0,0,0,0,0.00,0,0,0,0,0,0,0,0%,0,0,0,0,0.00,0,0,0%,0,0,0,0,0,0,0,0%,0,0,0,0,0,0,0,0,0,0,0,0
Manuel Ugarte,Uruguay,11/04/2001  (23),182cm,Manchester United,Midfielder,7,3,1,0,0.00,0,0,0,0,0,1,0,0%,0,0,0,161,23.00,1,0,0%,0,4,2,0,12,0,18,61%,1,5,4,3,22,12,26,29,1,1,5,0
Marc Albrighton,England,18/11/1989,175cm,,Midfielder,0,0,0,0,0.00,0,0,0,0,0,0,0,0%,0,0,0,0,0.00,0,0,0%,0,0,0,0,0,0,0,0%,0,0,0,0,0,0,0,0,0,0,0,0
Marc Leonard,Scotland,19/12/2001,,,Midfielder,0,0,0,0,0.00,0,0,0,0,0,0,0,0%,0,0,0,0,0.00,0,0,0%,0,0,0,0,0,0,0,0%,0,0,0,0,0,0,0,0,0,0,0,0
Marcus Harness,Ireland,24/02/1996,182cm,,Midfielder,2,0,2,0,0.00,0,0,0,0,0,0,0,0%,0,0,0,16,8.00,0,0,0%,0,0,0,0,0,1,1,0%,0,0,1,1,2,0,1,4,0,0,0,0
Marcus Tavernier,England,22/03/1999  (25),178cm,Bournemouth,Midfielder,12,4,5,1,0.08,0,1,0,0,0,24,8,33%,2,3,2,320,26.67,3,60,23%,3,13,2,0,10,2,22,55%,6,3,5,3,38,10,52,76,12,7,18,0
Mario Lemina,Gabon,01/09/1993  (31),184cm,Wolverhampton Wanderers,Midfielder,12,2,7,1,0.08,0,1,0,0,0,12,4,33%,0,1,3,375,31.25,2,8,50%,4,21,2,0,13,2,36,58%,2,23,33,13,50,13,66,33,10,15,6,0
Marko Stamenic,New Zealand,19/02/2002,188cm,,Midfielder,0,0,0,0,0.00,0,0,0,0,0,0,0,0%,0,0,0,0,0.00,0,0,0%,0,0,0,0,0,0,0,0%,0,0,0,0,0,0,0,0,0,0,0,0
Martin Ødegaard,Norway,17/12/1998  (25),178cm,Arsenal,Midfielder,5,3,0,0,0.00,0,0,0,0,0,7,3,43%,0,2,2,205,41.00,3,6,17%,5,4,1,0,3,0,7,57%,2,1,1,0,16,3,21,24,8,1,0,0
Mason Mount,England,10/01/1999  (25),181cm,Manchester United,Midfielder,4,1,2,0,0.00,0,0,0,0,0,2,2,100%,0,1,0,46,11.50,0,4,25%,0,1,2,0,4,0,5,20%,0,0,0,0,4,4,8,14,0,1,2,0
Massimo Luongo,Australia,25/09/1992  (32),176cm,Ipswich Town,Midfielder,5,1,2,0,0.00,0,0,0,0,0,0,0,0%,0,0,0,44,8.80,0,0,0%,0,0,0,0,1,0,5,60%,0,2,2,1,10,1,8,5,0,1,0,0
Mateo Kovacic,Croatia,06/05/1994  (30),177cm,Manchester City,Midfielder,11,7,2,3,0.27,0,3,0,0,0,20,5,25%,0,0,0,772,70.18,2,0,0%,2,12,3,0,8,0,22,64%,10,5,6,0,44,8,49,42,15,5,0,0
Mateus Fernandes,Portugal,10/07/2004  (20),178cm,Southampton,Midfielder,12,1,9,1,0.08,0,0,1,0,0,11,3,27%,0,2,1,382,31.83,2,26,23%,8,18,3,0,15,0,34,53%,4,6,11,7,46,15,70,62,16,4,4,0
Mateusz Musialowski,Poland,16/10/2003,175cm,,Midfielder,0,0,0,0,0.00,0,0,0,0,0,0,0,0%,0,0,0,0,0.00,0,0,0%,0,0,0,0,0,0,0,0%,0,0,0,0,0,0,0,0,0,0,0,0
Matheus Nunes,Portugal,27/08/1998  (26),183cm,Manchester City,Midfielder,8,6,2,0,0.00,0,0,0,0,0,3,0,0%,0,0,2,157,19.63,2,13,31%,1,4,0,0,9,0,9,44%,1,1,3,2,12,9,22,22,5,4,3,0
Mathias Jensen,Denmark,01/01/1996  (28),180cm,Brentford,Midfielder,7,4,2,0,0.00,0,0,0,0,0,5,1,20%,0,0,1,171,24.43,2,20,25%,0,10,1,0,6,0,3,100%,1,3,6,1,23,6,17,18,2,3,2,0
Mats Wieffer,Netherlands,16/11/1999  (25),188cm,Brighton & Hove Albion,Midfielder,9,4,2,0,0.00,0,0,0,0,0,3,1,33%,0,1,1,207,23.00,0,1,0%,0,4,1,0,8,0,12,50%,0,3,9,4,23,8,28,28,2,12,6,1
Matt Dibley-Dias,New Zealand,29/10/2003,183cm,,Midfielder,0,0,0,0,0.00,0,0,0,0,0,0,0,0%,0,0,0,0,0.00,0,0,0%,0,0,0,0,0,0,0,0%,0,0,0,0,0,0,0,0,0,0,0,0
Matt O'Riley,Denmark,21/11/2000  (24),187cm,Brighton & Hove Albion,Midfielder,3,2,0,1,0.33,0,0,1,0,0,4,2,50%,0,0,0,36,12.00,0,3,0%,1,0,1,0,2,0,2,100%,0,1,3,2,7,2,6,4,0,1,0,0
Matt Ritchie,Scotland,10/09/1989,172cm,,Midfielder,0,0,0,0,0.00,0,0,0,0,0,0,0,0%,0,0,0,0,0.00,0,0,0%,0,0,0,0,0,0,0,0%,0,0,0,0,0,0,0,0,0,0,0,0
Matthew Whittingham,England,21/10/2004,,,Midfielder,0,0,0,0,0.00,0,0,0,0,0,0,0,0%,0,0,0,0,0.00,0,0,0%,0,0,0,0,0,0,0,0%,0,0,0,0,0,0,0,0,0,0,0,0
Mauro Bandeira,Portugal,18/11/2003,178cm,,Midfielder,0,0,0,0,0.00,0,0,0,0,0,0,0,0%,0,0,0,0,0.00,0,0,0%,0,0,0,0,0,0,0,0%,0,0,0,0,0,0,0,0,0,0,0,0
Max Robson,England,17/10/2002,,,Midfielder,0,0,0,0,0.00,0,0,0,0,0,0,0,0%,0,0,0,0,0.00,0,0,0%,0,0,0,0,0,0,0,0%,0,0,0,0,0,0,0,0,0,0,0,0
Maxi Oyedele,Poland,07/11/2004,180cm,,Midfielder,0,0,0,0,0.00,0,0,0,0,0,0,0,0%,0,0,0,0,0.00,0,0,0%,0,0,0,0,0,0,0,0%,0,0,0,0,0,0,0,0,0,0,0,0
Michael Golding,England,23/05/2006  (18),178cm,Leicester City,Midfielder,0,0,0,0,0.00,0,0,0,0,0,0,0,0%,0,0,0,0,0.00,0,0,0%,0,0,0,0,0,0,0,0%,0,0,0,0,0,0,0,0,0,0,0,0
Michael Olise,France,12/12/2001,184cm,,Midfielder,0,0,0,0,0.00,0,0,0,0,0,0,0,0%,0,0,0,0,0.00,0,0,0%,0,0,0,0,0,0,0,0%,0,0,0,0,0,0,0,0,0,0,0,0
Miguel Almirón,Paraguay,10/02/1994  (30),174cm,Newcastle United,Midfielder,5,1,2,0,0.00,0,0,0,0,0,4,1,25%,0,0,0,37,7.40,0,0,0%,1,1,0,0,1,1,1,100%,1,0,0,0,4,1,2,5,0,0,2,0
Mikel Merino,Spain,22/06/1996  (28),189cm,Arsenal,Midfielder,6,2,2,1,0.17,1,0,0,0,0,7,3,43%,0,1,0,156,26.00,1,3,0%,2,4,1,0,12,2,14,71%,1,8,5,4,23,12,33,32,2,12,10,0
Mikkel Damsgaard,Denmark,03/07/2000  (24),180cm,Brentford,Midfielder,12,5,5,1,0.08,0,1,0,0,0,9,4,44%,0,2,4,366,30.50,6,33,33%,8,10,0,0,3,0,31,65%,3,11,17,5,46,3,60,56,13,8,9,0
Mohamadou Kanté,France,20/09/2005,178cm,,Midfielder,0,0,0,0,0.00,0,0,0,0,0,0,0,0%,0,0,0,0,0.00,0,0,0%,0,0,0,0,0,0,0,0%,0,0,0,0,0,0,0,0,0,0,0,0
Mohamed Elneny,Egypt,11/07/1992,179cm,,Midfielder,0,0,0,0,0.00,0,0,0,0,0,0,0,0%,0,0,0,0,0.00,0,0,0%,0,0,0,0,0,0,0,0%,0,0,0,0,0,0,0,0,0,0,0,0
Mohammed Kudus,Ghana,02/08/2000  (24),177cm,West Ham United,Midfielder,8,2,4,2,0.25,1,1,0,0,0,27,11,41%,2,3,0,180,22.50,2,23,26%,1,13,0,1,9,4,9,78%,8,1,1,1,28,9,53,68,28,3,8,0
Moisés Caicedo,Ecuador,02/11/2001  (23),178cm,Chelsea,Midfielder,12,6,2,1,0.08,0,1,0,0,0,7,1,14%,0,0,2,655,54.58,3,5,40%,5,27,3,0,23,0,41,66%,3,19,14,7,63,23,78,56,8,12,7,0
Morgan Gibbs-White,England,27/01/2000  (24),171cm,Nottingham Forest,Midfielder,9,4,1,1,0.11,0,1,0,0,0,18,8,44%,0,0,0,297,33.00,2,5,0%,7,14,2,1,17,2,13,31%,4,4,7,1,32,17,47,58,12,11,11,0
Mykhailo Mudryk,Ukraine,05/01/2001  (23),175cm,Chelsea,Midfielder,7,3,0,0,0.00,0,0,0,0,0,1,1,100%,0,0,0,35,5.00,2,7,14%,1,1,0,0,2,1,2,100%,0,0,1,1,9,2,9,17,3,2,4,0
Myles Lewis-Skelly,England,26/09/2006  (18),178cm,Arsenal U19,Midfielder,2,0,0,0,0.00,0,0,0,0,0,0,0,0%,0,0,0,10,5.00,0,0,0%,0,0,1,0,0,0,1,100%,0,0,1,0,1,0,1,0,0,0,0,0
Myles Peart-Harris,England,18/09/2002,187cm,,Midfielder,0,0,0,0,0.00,0,0,0,0,0,0,0,0%,0,0,0,0,0.00,0,0,0%,0,0,0,0,0,0,0,0%,0,0,0,0,0,0,0,0,0,0,0,0
Máximo Perrone,Argentina,07/01/2003,177cm,,Midfielder,0,0,0,0,0.00,0,0,0,0,0,0,0,0%,0,0,0,0,0.00,0,0,0%,0,0,0,0,0,0,0,0%,0,0,0,0,0,0,0,0,0,0,0,0
Naouirou Ahamada,France,29/03/2002,183cm,,Midfielder,0,0,0,0,0.00,0,0,0,0,0,0,0,0%,0,0,0,0,0.00,0,0,0%,0,0,0,0,0,0,0,0%,0,0,0,0,0,0,0,0,0,0,0,0
Nico O'Reilly,England,21/03/2005,188cm,,Midfielder,0,0,0,0,0.00,0,0,0,0,0,0,0,0%,0,0,0,0,0.00,0,0,0%,0,0,0,0,0,0,0,0%,0,0,0,0,0,0,0,0,0,0,0,0
Nicolás Domínguez,Argentina,28/06/1998  (26),179cm,Nottingham Forest,Midfielder,10,5,3,0,0.00,0,0,0,0,0,9,3,33%,0,1,0,309,30.90,0,1,100%,1,7,3,0,12,0,22,50%,1,12,14,5,35,12,38,32,1,8,6,0
Nile John,England,06/03/2003,178cm,,Midfielder,0,0,0,0,0.00,0,0,0,0,0,0,0,0%,0,0,0,0,0.00,0,0,0%,0,0,0,0,0,0,0,0%,0,0,0,0,0,0,0,0,0,0,0,0
Oliver Skipp,England,16/09/2000  (24),175cm,Leicester City,Midfielder,7,2,4,0,0.00,0,0,0,0,0,1,1,100%,0,0,0,194,27.71,0,0,0%,2,6,3,0,7,0,5,40%,0,4,7,5,21,7,23,20,4,5,1,0
Ollie Harrison,England,07/08/2007,,,Midfielder,0,0,0,0,0.00,0,0,0,0,0,0,0,0%,0,0,0,0,0.00,0,0,0%,0,0,0,0,0,0,0,0%,0,0,0,0,0,0,0,0,0,0,0,0
Orel Mangala,Belgium,18/03/1998  (26),178cm,Everton,Midfielder,9,2,2,0,0.00,0,0,0,0,0,6,1,17%,0,0,0,209,23.22,0,2,0%,0,4,0,0,12,0,11,45%,2,11,2,1,26,12,29,25,8,1,5,0
Oscar Bobb,Norway,12/07/2003  (21),174cm,Manchester City,Midfielder,0,0,0,0,0.00,0,0,0,0,0,0,0,0%,0,0,0,0,0.00,0,0,0%,0,0,0,0,0,0,0,0%,0,0,0,0,0,0,0,0,0,0,0,0
Owen Barker,England,23/02/2005  (19),173cm,Everton,Midfielder,0,0,0,0,0.00,0,0,0,0,0,0,0,0%,0,0,0,0,0.00,0,0,0%,0,0,0,0,0,0,0,0%,0,0,0,0,0,0,0,0,0,0,0,0
Pablo Fornals,Spain,22/02/1996,178cm,,Midfielder,0,0,0,0,0.00,0,0,0,0,0,0,0,0%,0,0,0,0,0.00,0,0,0%,0,0,0,0,0,0,0,0%,0,0,0,0,0,0,0,0,0,0,0,0
Pablo Sarabia,Spain,11/05/1992  (32),174cm,Wolverhampton Wanderers,Midfielder,5,1,2,1,0.20,0,0,1,0,0,4,4,100%,0,2,0,78,15.60,0,10,30%,0,3,1,0,1,3,5,60%,0,2,2,0,6,1,14,11,4,1,4,0
Panutche Camará,Guinea-Bissau,28/02/1997,185cm,,Midfielder,0,0,0,0,0.00,0,0,0,0,0,0,0,0%,0,0,0,0,0.00,0,0,0%,0,0,0,0,0,0,0,0%,0,0,0,0,0,0,0,0,0,0,0,0
Paris Maghoma,England,08/05/2001  (23),181cm,Brentford,Midfielder,0,0,0,0,0.00,0,0,0,0,0,0,0,0%,0,0,0,0,0.00,0,0,0%,0,0,0,0,0,0,0,0%,0,0,0,0,0,0,0,0,0,0,0,0
Paris Maghoma,England,08/05/2001  (23),181cm,Brentford,Midfielder,0,0,0,0,0.00,0,0,0,0,0,0,0,0%,0,0,0,0,0.00,0,0,0%,0,0,0,0,0,0,0,0%,0,0,0,0,0,0,0,0,0,0,0,0
Pascal Groß,Germany,15/06/1991,181cm,,Midfielder,0,0,0,0,0.00,0,0,0,0,0,0,0,0%,0,0,0,0,0.00,0,0,0%,0,0,0,0,0,0,0,0%,0,0,0,0,0,0,0,0,0,0,0,0
Phil Foden,England,28/05/2000  (24),171cm,Manchester City,Midfielder,9,4,3,0,0.00,0,0,0,0,0,20,2,10%,0,1,1,291,32.33,3,35,43%,3,8,0,0,1,2,1,0%,7,3,2,0,18,1,21,19,6,1,3,0
Philip Billing,Denmark,11/06/1996  (28),193cm,Bournemouth,Midfielder,3,1,1,0,0.00,0,0,0,0,0,0,0,0%,0,0,0,14,4.67,0,3,33%,0,0,0,0,0,0,4,0%,0,1,0,0,3,0,6,4,0,1,1,0
Philippe Coutinho,Brazil,12/06/1992,172cm,,Midfielder,0,0,0,0,0.00,0,0,0,0,0,0,0,0%,0,0,0,0,0.00,0,0,0%,0,0,0,0,0,0,0,0%,0,0,0,0,0,0,0,0,0,0,0,0
Pierre-Emile Højbjerg,Denmark,05/08/1995,185cm,,Midfielder,0,0,0,0,0.00,0,0,0,0,0,0,0,0%,0,0,0,0,0.00,0,0,0%,0,0,0,0,0,0,0,0%,0,0,0,0,0,0,0,0,0,0,0,0
Player 1,England,,,,Midfielder,0,0,0,0,0.00,0,0,0,0,0,0,0,0%,0,0,0,0,0.00,0,0,0%,0,0,0,0,0,0,0,0%,0,0,0,0,0,0,0,0,0,0,0,0
Remo Freuler,Switzerland,15/04/1992  (32),180cm,Bologna,Midfielder,0,0,0,0,0.00,0,0,0,0,0,0,0,0%,0,0,0,0,0.00,0,0,0%,0,0,0,0,0,0,0,0%,0,0,0,0,0,0,0,0,0,0,0,0
Renato Veiga,Portugal,29/07/2003  (21),190cm,Chelsea,Midfielder,5,3,2,0,0.00,0,0,0,0,0,3,1,33%,0,1,0,123,24.60,0,0,0%,0,5,2,0,3,1,8,63%,0,1,2,1,8,3,15,11,3,3,2,0
Riley Owen,England,24/08/2005,,,Midfielder,0,0,0,0,0.00,0,0,0,0,0,0,0,0%,0,0,0,0,0.00,0,0,0%,0,0,0,0,0,0,0,0%,0,0,0,0,0,0,0,0,0,0,0,0
Rio Kyerematen,England,09/06/2005,,,Midfielder,0,0,0,0,0.00,0,0,0,0,0,0,0,0%,0,0,0,0,0.00,0,0,0%,0,0,0,0,0,0,0,0%,0,0,0,0,0,0,0,0,0,0,0,0
 Rodri,Spain,22/06/1996  (28),190cm,Manchester City,Midfielder,2,1,0,0,0.00,0,0,0,0,0,0,0,0%,0,0,0,61,30.50,0,0,0%,0,5,0,0,1,0,2,50%,0,1,0,0,7,1,5,1,0,1,0,0
Rodrigo Bentancur,Uruguay,25/06/1997  (27),187cm,Tottenham Hotspur,Midfielder,10,4,5,1,0.10,1,0,0,0,0,11,3,27%,0,0,0,390,39.00,0,0,0%,0,5,4,0,13,0,19,47%,4,16,5,1,42,13,32,31,2,8,8,0
Romain Faivre,France,14/07/1998,180cm,,Midfielder,0,0,0,0,0.00,0,0,0,0,0,0,0,0%,0,0,0,0,0.00,0,0,0%,0,0,0,0,0,0,0,0%,0,0,0,0,0,0,0,0,0,0,0,0
Romeo Akachukwu,Ireland,28/07/2006  (18),178cm,Southampton,Midfielder,0,0,0,0,0.00,0,0,0,0,0,0,0,0%,0,0,0,0,0.00,0,0,0%,0,0,0,0,0,0,0,0%,0,0,0,0,0,0,0,0,0,0,0,0
Roméo Lavia,Belgium,06/01/2004  (20),181cm,Chelsea,Midfielder,7,3,2,0,0.00,0,0,0,0,0,0,0,0%,0,0,1,185,26.43,1,0,0%,1,5,2,0,5,0,11,45%,0,7,5,3,16,5,23,18,6,5,0,0
Ross Barkley,England,05/12/1993  (30),189cm,Aston Villa,Midfielder,9,4,1,2,0.22,1,1,0,0,0,9,3,33%,0,0,1,238,26.44,0,0,0%,0,4,3,0,5,0,7,29%,1,4,3,1,21,5,15,12,4,4,1,0
Ryan Christie,Scotland,22/02/1995  (29),178cm,Bournemouth,Midfielder,12,5,4,1,0.08,0,0,1,0,0,8,3,38%,1,0,0,358,29.83,1,9,22%,1,14,5,0,18,1,13,62%,4,6,20,15,70,18,40,52,10,7,11,0
Ryan Fraser,Scotland,24/02/1994  (30),163cm,Southampton,Midfielder,6,0,4,0,0.00,0,0,0,0,0,1,1,100%,0,0,0,65,10.83,0,11,0%,0,1,0,1,1,1,6,33%,0,1,8,3,8,1,13,8,2,2,2,0
Ryan Gravenberch,Netherlands,16/05/2002  (22),190cm,Liverpool,Midfielder,12,10,1,0,0.00,0,0,0,0,0,7,2,29%,0,1,1,743,61.92,2,2,100%,4,16,2,0,18,0,21,71%,2,23,13,4,68,18,69,37,13,11,2,0
Ryan Sessegnon,England,18/05/2000  (24),178cm,Fulham,Midfielder,0,0,0,0,0.00,0,0,0,0,0,0,0,0%,0,0,0,0,0.00,0,0,0%,0,0,0,0,0,0,0,0%,0,0,0,0,0,0,0,0,0,0,0,0
Ryan Trevitt,England,12/03/2003  (21),170cm,Brentford,Midfielder,1,0,1,0,0.00,0,0,0,0,0,0,0,0%,0,0,0,6,6.00,0,0,0%,0,0,0,0,0,0,1,100%,0,0,0,0,2,0,1,0,0,0,0,0
Ryan Yates,England,21/11/1997  (27),190cm,Nottingham Forest,Midfielder,12,5,3,1,0.08,0,1,0,0,0,19,5,26%,1,3,0,384,32.00,0,2,0%,0,3,4,0,20,5,19,53%,6,12,27,17,44,20,72,57,5,23,17,0
Salah-Eddine Oulad M'hand,Netherlands,20/08/2003  (21),177cm,Arsenal,Midfielder,0,0,0,0,0.00,0,0,0,0,0,0,0,0%,0,0,0,0,0.00,0,0,0%,0,0,0,0,0,0,0,0%,0,0,0,0,0,0,0,0,0,0,0,0
Sam Amo-Ameyaw,England,18/07/2006  (18),174cm,Southampton,Midfielder,1,0,1,0,0.00,0,0,0,0,0,1,0,0%,0,0,0,4,4.00,0,1,100%,0,0,0,0,0,0,0,0%,1,0,0,0,0,0,1,2,0,0,0,0
Sam Mather,England,03/09/2004,,,Midfielder,0,0,0,0,0.00,0,0,0,0,0,0,0,0%,0,0,0,0,0.00,0,0,0%,0,0,0,0,0,0,0,0%,0,0,0,0,0,0,0,0,0,0,0,0
Sam Morsy,Egypt,10/09/1991  (33),175cm,Ipswich Town,Midfielder,11,1,4,1,0.09,0,1,0,0,0,6,1,17%,0,0,1,567,51.55,0,5,80%,1,24,4,0,20,0,29,59%,4,8,16,6,53,20,55,46,10,6,9,0
Sam Szmodics,Ireland,24/09/1995  (29),168cm,Ipswich Town,Midfielder,12,1,5,3,0.25,0,3,0,0,0,13,7,54%,0,4,0,107,8.92,0,6,33%,0,6,1,0,7,6,8,63%,0,4,6,3,21,7,22,31,3,4,7,0
Sammy Braybrooke,England,12/03/2004,,,Midfielder,0,0,0,0,0.00,0,0,0,0,0,0,0,0%,0,0,0,0,0.00,0,0,0%,0,0,0,0,0,0,0,0%,0,0,0,0,0,0,0,0,0,0,0,0
Samuel Edozie,England,28/01/2003,181cm,,Midfielder,2,0,2,0,0.00,0,0,0,0,0,0,0,0%,0,0,0,29,14.50,0,4,25%,0,0,1,0,2,0,3,33%,0,0,0,0,1,2,6,4,2,0,0,0
Samuel Rak-Sakyi,England,27/03/2005  (19),178cm,Chelsea,Midfielder,0,0,0,0,0.00,0,0,0,0,0,0,0,0%,0,0,0,0,0.00,0,0,0%,0,0,0,0,0,0,0,0%,0,0,0,0,0,0,0,0,0,0,0,0
Samy Chouchane,Tunisia,05/09/2003,180cm,,Midfielder,0,0,0,0,0.00,0,0,0,0,0,0,0,0%,0,0,0,0,0.00,0,0,0%,0,0,0,0,0,0,0,0%,0,0,0,0,0,0,0,0,0,0,0,0
Sander Berge,Norway,14/02/1998  (26),195cm,Fulham,Midfielder,9,4,2,0,0.00,0,0,0,0,0,0,0,0%,0,0,0,304,33.78,0,0,0%,1,11,0,0,6,0,14,57%,0,12,5,5,36,6,26,18,0,11,4,0
Sandro Tonali,Italy,08/05/2000  (24),181cm,Newcastle United,Midfielder,10,4,4,0,0.00,0,0,0,0,0,6,3,50%,0,0,1,165,16.50,1,12,8%,0,4,3,0,7,1,11,64%,3,10,6,1,28,7,28,24,3,1,3,0
Sasa Lukic,Serbia,13/08/1996  (28),183cm,Fulham,Midfielder,8,3,3,0,0.00,0,0,0,0,0,0,0,0%,0,0,0,361,45.13,1,2,100%,0,8,4,0,21,0,19,47%,0,10,5,5,31,21,36,37,1,7,2,0
Scott McTominay,Scotland,08/12/1996,193cm,,Midfielder,2,1,1,0,0.00,0,0,0,0,0,1,0,0%,0,0,0,9,4.50,0,0,0%,0,2,0,0,0,0,0,0%,1,0,1,1,1,0,1,3,0,1,0,0
Sean Longstaff,England,30/10/1997  (27),180cm,Newcastle United,Midfielder,11,5,3,0,0.00,0,0,0,0,0,4,1,25%,0,0,0,227,20.64,0,4,0%,1,8,2,0,6,0,25,64%,2,5,4,2,25,6,36,28,1,7,6,0
Sergi Canós,Spain,02/02/1997,177cm,,Midfielder,0,0,0,0,0.00,0,0,0,0,0,0,0,0%,0,0,0,0,0.00,0,0,0%,0,0,0,0,0,0,0,0%,0,0,0,0,0,0,0,0,0,0,0,0
Shandon Baptiste,Grenada,08/04/1998,180cm,,Midfielder,0,0,0,0,0.00,0,0,0,0,0,0,0,0%,0,0,0,0,0.00,0,0,0%,0,0,0,0,0,0,0,0%,0,0,0,0,0,0,0,0,0,0,0,0
Shea Charles,Northern Ireland,05/11/2003,189cm,,Midfielder,0,0,0,0,0.00,0,0,0,0,0,0,0,0%,0,0,0,0,0.00,0,0,0%,0,0,0,0,0,0,0,0%,0,0,0,0,0,0,0,0,0,0,0,0
Sofyan Amrabat,Morocco,21/08/1996,183cm,,Midfielder,0,0,0,0,0.00,0,0,0,0,0,0,0,0%,0,0,0,0,0.00,0,0,0%,0,0,0,0,0,0,0,0%,0,0,0,0,0,0,0,0,0,0,0,0
Solly March,England,20/07/1994  (30),180cm,Brighton & Hove Albion,Midfielder,0,0,0,0,0.00,0,0,0,0,0,0,0,0%,0,0,0,0,0.00,0,0,0%,0,0,0,0,0,0,0,0%,0,0,0,0,0,0,0,0,0,0,0,0
Stefan Bajcetic,Spain,22/10/2004,185cm,,Midfielder,0,0,0,0,0.00,0,0,0,0,0,0,0,0%,0,0,0,0,0.00,0,0,0%,0,0,0,0,0,0,0,0%,0,0,0,0,0,0,0,0,0,0,0,0
Steven Alzate,Colombia,08/09/1998,180cm,,Midfielder,0,0,0,0,0.00,0,0,0,0,0,0,0,0%,0,0,0,0,0.00,0,0,0%,0,0,0,0,0,0,0,0%,0,0,0,0,0,0,0,0,0,0,0,0
Tanguy Ndombélé,France,28/12/1996,181cm,,Midfielder,0,0,0,0,0.00,0,0,0,0,0,0,0,0%,0,0,0,0,0.00,0,0,0%,0,0,0,0,0,0,0,0%,0,0,0,0,0,0,0,0,0,0,0,0
Tawanda Chirewa,Zimbabwe,12/10/2003,181cm,,Midfielder,0,0,0,0,0.00,0,0,0,0,0,0,0,0%,0,0,0,0,0.00,0,0,0%,0,0,0,0,0,0,0,0%,0,0,0,0,0,0,0,0,0,0,0,0
Temple Ojinnaka,Italy,30/03/2005,,,Midfielder,0,0,0,0,0.00,0,0,0,0,0,0,0,0%,0,0,0,0,0.00,0,0,0%,0,0,0,0,0,0,0,0%,0,0,0,0,0,0,0,0,0,0,0,0
Thiago Alcântara,Spain,11/04/1991,174cm,,Midfielder,0,0,0,0,0.00,0,0,0,0,0,0,0,0%,0,0,0,0,0.00,0,0,0%,0,0,0,0,0,0,0,0%,0,0,0,0,0,0,0,0,0,0,0,0
Thomas Partey,Ghana,13/06/1993  (31),185cm,Arsenal,Midfielder,12,6,2,2,0.17,0,2,0,0,0,9,3,33%,0,0,0,614,51.17,0,3,33%,2,19,2,0,19,0,36,67%,1,14,22,11,44,19,69,51,4,13,6,0
Tim Iroegbunam,England,30/06/2003  (21),183cm,Everton,Midfielder,6,0,4,0,0.00,0,0,0,0,0,4,0,0%,0,0,0,97,16.17,0,0,0%,0,7,2,0,10,0,18,50%,2,8,4,1,33,10,34,30,5,5,1,0
Tino Anjorin,England,23/11/2001,185cm,,Midfielder,0,0,0,0,0.00,0,0,0,0,0,0,0,0%,0,0,0,0,0.00,0,0,0%,0,0,0,0,0,0,0,0%,0,0,0,0,0,0,0,0,0,0,0,0
Toby Collyer,England,03/01/2004  (20),180cm,Manchester United,Midfielder,1,0,1,0,0.00,0,0,0,0,0,0,0,0%,0,0,0,19,19.00,0,0,0%,0,1,0,0,0,0,4,75%,0,0,1,1,3,0,7,0,1,0,0,0
Tom Cairney,Scotland,20/01/1991  (33),185cm,Fulham,Midfielder,9,3,4,0,0.00,0,0,0,0,0,0,0,0%,0,0,0,166,18.44,2,6,50%,0,4,2,0,2,0,4,25%,0,2,0,0,14,2,12,7,3,2,3,0
Tomás Soucek,Czech Republic,27/02/1995  (29),192cm,West Ham United,Midfielder,11,4,4,3,0.27,1,0,2,0,0,20,6,30%,0,3,0,286,26.00,0,3,0%,0,12,3,0,12,1,14,57%,5,8,28,17,18,12,54,52,0,34,25,0
Tony Yogane,England,24/09/2005  (19),178cm,Brentford,Midfielder,0,0,0,0,0.00,0,0,0,0,0,0,0,0%,0,0,0,0,0.00,0,0,0%,0,0,0,0,0,0,0,0%,0,0,0,0,0,0,0,0,0,0,0,0
Travis Hernes,Norway,04/11/2005,179cm,,Midfielder,0,0,0,0,0.00,0,0,0,0,0,0,0,0%,0,0,0,0,0.00,0,0,0%,0,0,0,0,0,0,0,0%,0,0,0,0,0,0,0,0,0,0,0,0
Treymaurice Nyoni,England,30/06/2007  (17),180cm,Liverpool U19,Midfielder,0,0,0,0,0.00,0,0,0,0,0,0,0,0%,0,0,0,0,0.00,0,0,0%,0,0,0,0,0,0,0,0%,0,0,0,0,0,0,0,0,0,0,0,0
Trialist B,England,,,,Midfielder,0,0,0,0,0.00,0,0,0,0,0,0,0,0%,0,0,0,0,0.00,0,0,0%,0,0,0,0,0,0,0,0%,0,0,0,0,0,0,0,0,0,0,0,0
Tyler Adams,United States,14/02/1999  (25),173cm,Bournemouth,Midfielder,4,1,2,0,0.00,0,0,0,0,0,1,0,0%,0,0,0,87,21.75,0,0,0%,1,0,1,0,2,0,10,60%,1,6,1,1,13,2,12,4,0,2,0,0
Tyler Dibling,England,17/02/2006  (18),178cm,Southampton,Midfielder,13,1,10,1,0.08,0,0,1,0,0,12,5,42%,1,0,0,217,16.69,1,14,29%,4,6,5,0,15,0,14,71%,4,4,5,3,28,15,66,70,21,2,10,0
Tyler Morton,England,31/10/2002  (22),182cm,Hull City,Midfielder,0,0,0,0,0.00,0,0,0,0,0,0,0,0%,0,0,0,0,0.00,0,0,0%,0,0,0,0,0,0,0,0%,0,0,0,0,0,0,0,0,0,0,0,0
Tyler Onyango,England,04/03/2003,190cm,,Midfielder,0,0,0,0,0.00,0,0,0,0,0,0,0,0%,0,0,0,0,0.00,0,0,0%,0,0,0,0,0,0,0,0%,0,0,0,0,0,0,0,0,0,0,0,0
Tyrese Francois,Australia,16/07/2000,173cm,,Midfielder,0,0,0,0,0.00,0,0,0,0,0,0,0,0%,0,0,0,0,0.00,0,0,0%,0,0,0,0,0,0,0,0%,0,0,0,0,0,0,0,0,0,0,0,0
Vitaly Janelt,Germany,10/05/1998  (26),184cm,Brentford,Midfielder,12,5,5,1,0.08,0,0,1,0,0,8,3,38%,0,0,3,431,35.92,6,15,47%,2,29,1,0,9,0,15,67%,2,10,25,6,49,9,30,28,2,8,7,0
Wanya Marçal,Portugal,19/10/2002,181cm,,Midfielder,0,0,0,0,0.00,0,0,0,0,0,0,0,0%,0,0,0,0,0.00,0,0,0%,0,0,0,0,0,0,0,0%,0,0,0,0,0,0,0,0,0,0,0,0
Wataru Endo,Japan,09/02/1993  (31),178cm,Liverpool,Midfielder,6,5,0,0,0.00,0,0,0,0,0,0,0,0%,0,0,0,20,3.33,0,0,0%,0,0,0,0,2,0,3,67%,0,1,1,1,4,2,5,4,1,0,1,0
Wilfred Ndidi,Nigeria,16/12/1996  (27),183cm,Leicester City,Midfielder,12,2,6,0,0.00,0,0,0,0,0,11,5,45%,0,1,4,415,34.58,4,11,18%,4,10,4,0,22,2,37,57%,0,6,28,18,56,22,75,80,9,22,22,0
Will Alves,England,04/05/2005  (19),192cm,Leicester City,Midfielder,0,0,0,0,0.00,0,0,0,0,0,0,0,0%,0,0,0,0,0.00,0,0,0%,0,0,0,0,0,0,0,0%,0,0,0,0,0,0,0,0,0,0,0,0
Will Hughes,England,17/04/1995  (29),185cm,Crystal Palace,Midfielder,11,1,4,0,0.00,0,0,0,0,0,7,1,14%,0,0,0,279,25.36,0,24,21%,0,7,5,0,18,0,25,52%,4,5,2,1,33,18,39,49,1,5,5,0
Will Smallbone,Ireland,21/02/2000  (24),183cm,Southampton,Midfielder,4,0,4,0,0.00,0,0,0,0,0,4,0,0%,0,0,0,104,26.00,0,19,11%,0,1,0,0,4,0,7,43%,4,0,2,1,7,4,10,9,1,1,1,0
Yasin Ayari,Sweden,06/10/2003  (21),172cm,Blackburn Rovers,Midfielder,11,5,2,0,0.00,0,0,0,0,0,9,2,22%,0,1,0,286,26.00,2,26,27%,5,2,2,0,14,3,28,43%,4,8,7,2,47,14,57,52,9,4,9,0
Yehor Yarmoliuk,Ukraine,01/03/2004  (20),180cm,Brentford,Midfielder,8,2,4,0,0.00,0,0,0,0,0,3,1,33%,0,0,0,105,13.13,0,5,20%,1,1,1,0,2,0,3,67%,1,4,4,2,18,2,8,15,2,3,1,0
Yoane Wissa,DR Congo,03/09/1996  (28),176cm,Brentford,Midfielder,9,4,4,7,0.78,2,3,2,0,0,17,10,59%,0,4,1,150,16.67,0,3,0%,2,6,1,0,6,1,2,50%,3,3,3,2,18,6,29,24,4,8,5,0
Youri Tielemans,Belgium,07/05/1997  (27),176cm,Aston Villa,Midfielder,12,5,3,0,0.00,0,0,0,0,0,10,3,30%,0,1,4,741,61.75,7,60,30%,8,26,3,0,19,0,27,67%,6,12,13,5,51,19,65,51,10,7,9,0
Yunus Konak,Turkey,10/01/2006  (18),181cm,Brentford,Midfielder,4,2,1,0,0.00,0,0,0,0,0,1,0,0%,0,0,0,15,3.75,0,0,0%,0,1,0,0,2,0,1,100%,0,0,0,0,1,2,3,9,0,2,2,0
Yves Bissouma,Mali,30/08/1996  (28),182cm,Tottenham Hotspur,Midfielder,9,5,4,2,0.22,0,2,0,0,0,3,2,67%,0,0,0,326,36.22,0,0,0%,1,10,3,0,6,0,14,71%,0,7,13,8,22,6,30,26,5,2,2,0
