Name,Nationality,Date of Birth,Height,Club,Position,Appearances,Wins,Losses,Goals,Goals per match,Headed goals,Goals with right foot,Goals with left foot,Penalties scored,Freekicks scored,Shots,Shots on target,Shooting accuracy %,Hit woodwork,Big chances missed,Assists,Passes,Passes per match,Big Chances Created,Crosses,Cross accuracy %,Through balls,Accurate long balls,Yellow cards,Red cards,Fouls,Offsides,Tackles,Tackle success %,Blocked shots,Interceptions,Clearances,Headed Clearance,Recoveries,Fouls.1,Duels won,Duels lost,Successful 50/50s,Aerial battles won,Aerial battles lost,Errors leading to goal
Adam Lallana,England,10/05/1988,172,Southampton,Midfielder,8,1,6,0,0.0,0,0,0,0.0,0.0,3.0,0.0,0%,0,0.0,2,225,28.13,1,2,100%,1.0,3.0,4,0,7,0,6,83%,1,4,5,4,17.0,7,19.0,23.0,5.0,1.0,2.0,0.0
Adam Wharton,England,06/02/2004,182,Crystal Palace,Midfielder,8,1,4,0,0.0,0,0,0,0.0,0.0,9.0,5.0,56%,0,0.0,0,345,43.13,1,16,31%,2.0,22.0,0,0,5,0,18,56%,2,10,13,2,51.0,5,36.0,49.0,1.0,5.0,11.0,0.0
Aidan Borland,Scotland,25/04/2007,177,Aston Villa U19,Midfielder,0,0,0,0,0.0,0,0,0,0.0,0.0,0.0,0.0,0%,0,0.0,0,0,0.0,0,0,0%,0.0,0.0,0,0,0,0,0,0%,0,0,0,0,0.0,0,0.0,0.0,0.0,0.0,0.0,0.0
Alex Scott,England,21/08/2003,178,Bournemouth,Midfielder,8,3,3,0,0.0,0,0,0,0.0,0.0,3.0,1.0,33%,0,0.0,0,131,16.38,0,0,0%,0.0,6.0,0,0,2,0,16,44%,1,6,4,1,24.0,2,32.0,21.0,2.0,1.0,5.0,0.0
Alexis Mac Allister,Argentina,24/12/1998,176,Liverpool,Midfielder,12,10,1,0,0.0,0,0,0,0.0,0.0,7.0,4.0,57%,0,0.0,0,471,39.25,1,2,50%,2.0,20.0,4,0,16,0,29,72%,1,4,8,3,49.0,16,50.0,64.0,2.0,7.0,9.0,0.0
Amadou Onana,Belgium,16/08/2001,195,Aston Villa,Midfielder,10,5,3,2,0.2,1,0,1,0.0,0.0,11.0,4.0,36%,2,1.0,0,315,31.5,0,1,100%,0.0,7.0,3,0,16,0,25,60%,3,16,15,9,36.0,16,54.0,44.0,6.0,13.0,12.0,1.0
Andreas Pereira,Brazil,01/01/1996,178,Fulham,Midfielder,12,5,4,1,0.08,0,1,0,0.0,0.0,19.0,6.0,32%,0,2.0,0,407,33.92,2,87,34%,2.0,19.0,3,0,11,0,8,38%,5,4,2,0,48.0,11,32.0,48.0,6.0,7.0,8.0,0.0
 André,Brazil,16/07/2001,176,Wolverhampton Wanderers,Midfielder,8,1,5,0,0.0,0,0,0,0.0,0.0,2.0,1.0,50%,0,0.0,0,201,25.13,0,0,0%,1.0,12.0,2,0,8,0,12,58%,1,3,8,2,30.0,8,25.0,16.0,3.0,0.0,0.0,0.0
Asher Agbinone,England,28/09/2005,177,Crystal Palace,Midfielder,2,0,2,0,0.0,0,0,0,0.0,0.0,1.0,0.0,0%,0,0.0,0,2,1.0,0,1,0%,0.0,0.0,0,0,0,0,2,50%,0,0,0,0,0.0,0,2.0,3.0,0.0,0.0,1.0,0.0
Ben Perry,England,11/10/2004,184,Nottingham Forest,Midfielder,0,0,0,0,0.0,0,0,0,0.0,0.0,0.0,0.0,0%,0,0.0,0,0,0.0,0,0,0%,0.0,0.0,0,0,0,0,0,0%,0,0,0,0,0.0,0,0.0,0.0,0.0,0.0,0.0,0.0
Bernardo Silva,Portugal,10/08/1994,173,Manchester City,Midfielder,12,7,3,0,0.0,0,0,0,0.0,0.0,18.0,6.0,33%,0,2.0,3,560,46.67,6,32,9%,2.0,11.0,3,0,9,2,9,67%,6,6,7,3,32.0,9,31.0,47.0,13.0,2.0,6.0,0.0
Bilal El Khannouss,Morocco,10/05/2004,180,Leicester City,Midfielder,8,1,5,0,0.0,0,0,0,0.0,0.0,2.0,0.0,0%,1,0.0,0,137,17.13,1,7,29%,0.0,6.0,0,0,9,0,5,60%,1,0,1,1,8.0,9,12.0,23.0,3.0,3.0,2.0,0.0
Boubacar Kamara,France,23/11/1999,184,Aston Villa,Midfielder,3,0,2,0,0.0,0,0,0,0.0,0.0,0.0,0.0,0%,0,0.0,0,26,8.67,0,0,0%,0.0,1.0,1,0,2,0,1,100%,0,1,1,1,3.0,2,5.0,6.0,0.0,1.0,2.0,0.0
Boubakary Soumaré,France,27/02/1999,188,Sevilla,Midfielder,6,1,3,0,0.0,0,0,0,0.0,0.0,1.0,0.0,0%,0,0.0,0,146,24.33,0,0,0%,0.0,2.0,3,0,2,0,5,40%,1,2,1,0,19.0,2,14.0,11.0,2.0,4.0,2.0,0.0
Brajan Gruda,Germany,31/05/2004,178,Brighton & Hove Albion,Midfielder,4,2,1,0,0.0,0,0,0,0.0,0.0,0.0,0.0,0%,0,0.0,0,20,5.0,0,2,0%,0.0,0.0,0,0,0,0,3,33%,0,0,1,1,1.0,0,4.0,6.0,1.0,0.0,0.0,0.0
Bruno Fernandes,Portugal,08/09/1994,179,Manchester United,Midfielder,12,4,4,2,0.17,0,2,0,1.0,0.0,37.0,7.0,19%,2,6.0,3,600,50.0,8,50,10%,7.0,36.0,1,1,10,1,29,66%,12,9,12,6,54.0,10,61.0,55.0,9.0,9.0,10.0,0.0
Bruno Guimarães,Brazil,16/11/1997,182,Newcastle United,Midfielder,12,5,4,0,0.0,0,0,0,0.0,0.0,14.0,4.0,29%,0,0.0,1,600,50.0,2,6,50%,9.0,30.0,2,0,21,0,28,57%,4,13,10,3,64.0,21,95.0,71.0,17.0,4.0,4.0,1.0
Bryan Mbeumo,Cameroon,07/08/1999,173,Brentford,Midfielder,12,5,5,8,0.67,0,0,8,2.0,0.0,22.0,12.0,55%,0,3.0,1,322,26.83,5,52,29%,4.0,9.0,2,0,8,6,15,60%,5,3,13,8,58.0,8,52.0,66.0,12.0,10.0,27.0,0.0
Callum Bates,England,28/09/2005,180,Everton,Midfielder,0,0,0,0,0.0,0,0,0,0.0,0.0,0.0,0.0,0%,0,0.0,0,0,0.0,0,0,0%,0.0,0.0,0,0,0,0,0,0%,0,0,0,0,0.0,0,0.0,0.0,0.0,0.0,0.0,0.0
Callum Olusesi,England,11/03/2007,175,Tottenham Hotspur,Midfielder,0,0,0,0,0.0,0,0,0,0.0,0.0,0.0,0.0,0%,0,0.0,0,0,0.0,0,0,0%,0.0,0.0,0,0,0,0,0,0%,0,0,0,0,0.0,0,0.0,0.0,0.0,0.0,0.0,0.0
Cameron Peupion,Australia,23/09/2002,175,Brighton & Hove Albion,Midfielder,0,0,0,0,0.0,0,0,0,0.0,0.0,0.0,0.0,0%,0,0.0,0,0,0.0,0,0,0%,0.0,0.0,0,0,0,0,0,0%,0,0,0,0,0.0,0,0.0,0.0,0.0,0.0,0.0,0.0
Carlos Baleba,Cameroon,03/01/2004,179,Brighton & Hove Albion,Midfielder,10,5,1,1,0.1,0,1,0,0.0,0.0,16.0,5.0,31%,0,0.0,1,340,34.0,2,1,0%,2.0,19.0,1,1,15,0,23,52%,8,16,3,3,54.0,15,55.0,47.0,10.0,10.0,7.0,0.0
Carlos Soler,Spain,02/01/1997,180,West Ham United,Midfielder,9,3,3,0,0.0,0,0,0,0.0,0.0,9.0,3.0,33%,0,0.0,0,150,16.67,0,6,17%,2.0,8.0,3,0,10,0,3,100%,4,2,4,1,16.0,10,10.0,30.0,2.0,1.0,2.0,0.0
Carney Chukwuemeka,England,20/10/2003,187,Chelsea,Midfielder,0,0,0,0,0.0,0,0,0,0.0,0.0,0.0,0.0,0%,0,0.0,0,0,0.0,0,0,0%,0.0,0.0,0,0,0,0,0,0%,0,0,0,0,0.0,0,0.0,0.0,0.0,0.0,0.0,0.0
 Casemiro,Brazil,23/02/1992,185,Manchester United,Midfielder,11,4,4,1,0.09,1,0,0,0.0,0.0,15.0,4.0,27%,0,0.0,0,434,39.45,3,13,31%,5.0,24.0,1,0,8,2,32,63%,3,5,25,18,45.0,8,57.0,43.0,3.0,17.0,7.0,2.0
Cesare Casadei,Italy,10/01/2003,186,Chelsea,Midfielder,0,0,0,0,0.0,0,0,0,0.0,0.0,0.0,0.0,0%,0,0.0,0,0,0.0,0,0,0%,0.0,0.0,0,0,0,0,0,0%,0,0,0,0,0.0,0,0.0,0.0,0.0,0.0,0.0,0.0
Cheick Doucouré,Mali,08/01/2000,180,Crystal Palace,Midfielder,6,0,2,0,0.0,0,0,0,0.0,0.0,3.0,0.0,0%,0,0.0,0,88,14.67,0,0,0%,0.0,3.0,0,0,2,0,6,50%,1,6,2,1,14.0,2,12.0,11.0,2.0,1.0,3.0,0.0
Christian Eriksen,Denmark,14/02/1992,182,Manchester United,Midfielder,9,3,3,0,0.0,0,0,0,0.0,0.0,3.0,0.0,0%,0,0.0,0,303,33.67,2,39,31%,3.0,15.0,2,0,3,0,9,33%,2,4,5,1,24.0,3,12.0,15.0,0.0,1.0,4.0,0.0
Christian Nørgaard,Denmark,10/03/1994,187,Brentford,Midfielder,10,5,4,1,0.1,0,1,0,0.0,0.0,12.0,4.0,33%,0,2.0,1,386,38.6,1,1,100%,1.0,10.0,2,1,14,0,23,70%,5,14,20,14,50.0,14,51.0,39.0,3.0,14.0,8.0,0.0
Cole Palmer,England,06/05/2002,189,Chelsea,Midfielder,12,6,2,7,0.58,0,0,7,1.0,1.0,38.0,14.0,37%,2,6.0,5,418,34.83,10,55,16%,7.0,34.0,3,0,4,6,9,67%,13,3,5,0,42.0,4,52.0,40.0,14.0,0.0,2.0,0.0
Curtis Jones,England,30/01/2001,185,Liverpool,Midfielder,9,7,1,1,0.11,0,1,0,0.0,0.0,10.0,4.0,40%,0,1.0,1,270,30.0,0,1,0%,0.0,6.0,0,0,3,0,11,55%,6,1,4,1,24.0,3,28.0,23.0,5.0,4.0,3.0,0.0
Daichi Kamada,Japan,05/08/1996,184,Crystal Palace,Midfielder,11,1,6,0,0.0,0,0,0,0.0,0.0,8.0,3.0,38%,0,0.0,0,293,26.64,0,13,23%,2.0,13.0,2,1,15,2,19,47%,3,7,8,7,27.0,15,33.0,44.0,2.0,1.0,4.0,0.0
Daniel Gore,England,26/09/2004,170,Port Vale,Midfielder,0,0,0,0,0.0,0,0,0,0.0,0.0,0.0,0.0,0%,0,0.0,0,0,0.0,0,0,0%,0.0,0.0,0,0,0,0,0,0%,0,0,0,0,0.0,0,0.0,0.0,0.0,0.0,0.0,0.0
 Danilo,Brazil,29/04/2001,176,Nottingham Forest,Midfielder,1,0,0,0,0.0,0,0,0,0.0,0.0,0.0,0.0,0%,0,0.0,0,3,3.0,0,0,0%,0.0,0.0,0,0,1,0,0,0%,0,0,0,0,1.0,1,1.0,3.0,1.0,0.0,0.0,0.0
Dante Cassanova,Jamaica,21/06/2004,179,Tottenham Hotspur,Midfielder,0,0,0,0,0.0,0,0,0,0.0,0.0,0.0,0.0,0%,0,0.0,0,0,0.0,0,0,0%,0.0,0.0,0,0,0,0,0,0%,0,0,0,0,0.0,0,0.0,0.0,0.0,0.0,0.0,0.0
David Brooks,Wales,08/07/1997,173,Bournemouth,Midfielder,5,1,3,1,0.2,0,0,1,0.0,0.0,3.0,1.0,33%,0,0.0,0,33,6.6,1,9,33%,0.0,1.0,0,0,1,0,1,100%,0,1,1,0,2.0,1,2.0,4.0,0.0,0.0,2.0,0.0
Declan Rice,England,14/01/1999,188,Arsenal,Midfielder,10,4,2,0,0.0,0,0,0,0.0,0.0,10.0,2.0,20%,0,1.0,1,409,40.9,3,55,22%,0.0,20.0,2,1,10,1,14,36%,3,9,13,5,47.0,10,34.0,39.0,6.0,8.0,8.0,0.0
Dejan Kulusevski,Sweden,25/04/2000,186,Tottenham Hotspur,Midfielder,12,6,5,2,0.17,0,0,2,0.0,0.0,18.0,6.0,33%,0,2.0,3,308,25.67,6,51,12%,4.0,6.0,3,0,19,3,13,62%,10,7,7,4,48.0,19,47.0,85.0,16.0,3.0,6.0,0.0
Dominik Szoboszlai,Hungary,25/10/2000,186,Liverpool,Midfielder,12,10,1,1,0.08,0,0,1,0.0,0.0,17.0,5.0,29%,0,2.0,1,452,37.67,4,16,38%,2.0,19.0,3,0,16,0,9,44%,7,5,3,1,43.0,16,33.0,36.0,10.0,7.0,7.0,0.0
Eberechi Eze,England,29/06/1998,178,Crystal Palace,Midfielder,9,1,5,1,0.11,0,1,0,0.0,0.0,37.0,12.0,32%,2,5.0,1,336,37.33,3,30,30%,3.0,16.0,0,0,4,1,15,53%,14,3,2,1,46.0,4,50.0,74.0,17.0,1.0,20.0,0.0
Elliot Anderson,England,06/11/2002,179,Nottingham Forest,Midfielder,11,5,2,0,0.0,0,0,0,0.0,0.0,15.0,3.0,20%,0,0.0,3,292,26.55,4,22,32%,2.0,10.0,3,0,13,1,19,79%,9,4,11,5,42.0,13,63.0,45.0,15.0,10.0,6.0,0.0
Emile Smith Rowe,England,28/07/2000,182,Fulham,Midfielder,12,5,4,3,0.25,0,1,2,0.0,0.0,18.0,4.0,22%,1,1.0,2,459,38.25,1,5,20%,2.0,9.0,1,0,8,4,18,67%,9,7,5,2,27.0,8,37.0,34.0,6.0,4.0,5.0,0.0
Emiliano Buendía,Argentina,25/12/1996,172,Aston Villa,Midfielder,5,3,0,0,0.0,0,0,0,0.0,0.0,1.0,0.0,0%,0,0.0,0,29,5.8,0,0,0%,1.0,1.0,1,0,2,0,2,100%,0,0,0,0,5.0,2,3.0,5.0,0.0,0.0,0.0,0.0
Enzo Fernández,Argentina,17/01/2001,178,Chelsea,Midfielder,11,5,2,1,0.09,1,0,0,0.0,0.0,8.0,3.0,38%,0,0.0,2,426,38.73,2,19,26%,4.0,24.0,1,0,7,0,26,46%,2,3,7,3,41.0,7,45.0,44.0,3.0,3.0,9.0,0.0
Ethan Nwaneri,England,21/03/2007,176,Arsenal U19,Midfielder,6,3,2,1,0.17,0,0,1,0.0,0.0,4.0,2.0,50%,0,0.0,0,37,6.17,0,4,25%,0.0,3.0,0,0,1,1,1,0%,0,0,1,1,6.0,1,6.0,3.0,3.0,0.0,0.0,0.0
Facundo Buonanotte,Argentina,23/12/2004,174,Leicester City,Midfielder,10,2,5,3,0.3,0,1,2,0.0,0.0,20.0,7.0,35%,0,1.0,2,260,26.0,5,24,50%,5.0,8.0,5,0,15,1,22,41%,4,5,6,5,41.0,15,62.0,88.0,18.0,6.0,13.0,0.0
Ferdi Kadioglu,Turkey,07/10/1999,174,Brighton & Hove Albion,Midfielder,6,2,2,1,0.17,0,1,0,0.0,0.0,4.0,1.0,25%,0,1.0,0,150,25.0,0,9,44%,1.0,4.0,1,0,5,1,10,60%,2,8,17,10,14.0,5,19.0,20.0,3.0,3.0,1.0,0.0
Flynn Downes,England,20/01/1999,173,Southampton,Midfielder,12,1,9,1,0.08,0,1,0,0.0,0.0,7.0,3.0,43%,0,1.0,0,620,51.67,2,2,0%,5.0,7.0,5,0,24,0,26,54%,3,15,21,9,35.0,24,55.0,61.0,1.0,9.0,5.0,2.0
Fábio Carvalho,Portugal,30/08/2002,170,Brentford,Midfielder,11,5,5,1,0.09,0,1,0,0.0,0.0,6.0,2.0,33%,0,1.0,1,96,8.73,1,6,0%,0.0,3.0,1,0,2,1,9,67%,3,2,1,1,16.0,2,17.0,21.0,1.0,2.0,4.0,0.0
Guido Rodríguez,Argentina,12/04/1994,185,West Ham United,Midfielder,12,4,5,0,0.0,0,0,0,0.0,0.0,6.0,1.0,17%,0,0.0,0,396,33.0,0,3,0%,1.0,17.0,3,0,12,1,26,50%,1,10,18,11,37.0,12,40.0,35.0,1.0,7.0,4.0,0.0
Hamza Choudhury,England,01/10/1997,178,Leicester City,Midfielder,1,0,0,0,0.0,0,0,0,0.0,0.0,0.0,0.0,0%,0,0.0,0,2,2.0,0,1,0%,0.0,0.0,0,0,0,0,0,0%,0,1,1,1,0.0,0,0.0,0.0,0.0,0.0,0.0,0.0
Harrison Reed,England,27/01/1995,181,Fulham,Midfielder,8,4,1,0,0.0,0,0,0,0.0,0.0,1.0,0.0,0%,0,0.0,0,34,4.25,1,5,20%,0.0,0.0,2,0,5,0,5,40%,0,1,2,1,8.0,5,8.0,10.0,0.0,1.0,2.0,0.0
Harry Wilson,Wales,22/03/1997,173,Fulham,Midfielder,8,3,3,3,0.38,1,0,2,0.0,0.0,5.0,3.0,60%,1,0.0,0,57,7.13,0,5,20%,1.0,1.0,2,0,2,0,1,100%,1,0,1,0,7.0,2,5.0,5.0,0.0,1.0,2.0,0.0
Harry Winks,England,02/02/1996,178,Leicester City,Midfielder,11,1,6,0,0.0,0,0,0,0.0,0.0,7.0,2.0,29%,0,0.0,2,530,48.18,1,25,40%,0.0,13.0,3,0,5,0,12,58%,0,4,12,3,56.0,5,24.0,27.0,1.0,4.0,6.0,0.0
Harvey Barnes,England,09/12/1997,174,Newcastle United,Midfielder,12,5,4,4,0.33,0,4,0,0.0,0.0,18.0,6.0,33%,0,3.0,1,169,14.08,3,16,31%,1.0,2.0,0,0,6,1,7,71%,5,4,4,1,20.0,6,24.0,22.0,7.0,2.0,4.0,0.0
Harvey Elliott,England,04/04/2003,170,Liverpool,Midfielder,1,1,0,0,0.0,0,0,0,0.0,0.0,0.0,0.0,0%,0,0.0,0,12,12.0,0,0,0%,0.0,0.0,0,0,0,0,0,0%,0,0,0,0,1.0,0,0.0,0.0,0.0,0.0,0.0,0.0
Ibrahim Sangaré,Cote D’Ivoire,02/12/1997,191,Nottingham Forest,Midfielder,3,1,0,0,0.0,0,0,0,0.0,0.0,1.0,1.0,100%,0,0.0,0,113,37.67,0,0,0%,0.0,3.0,2,0,5,0,15,60%,0,2,2,1,18.0,5,24.0,12.0,0.0,5.0,3.0,0.0
Idrissa Gueye,Senegal,26/09/1989,174,Everton,Midfielder,11,2,5,0,0.0,0,0,0,0.0,0.0,14.0,2.0,14%,1,1.0,0,401,36.45,0,4,75%,2.0,24.0,1,0,18,0,35,54%,3,11,7,2,52.0,18,59.0,48.0,4.0,8.0,3.0,0.0
Ilkay Gündogan,Germany,24/10/1990,180,Manchester City,Midfielder,11,6,3,0,0.0,0,0,0,0.0,0.0,12.0,3.0,25%,1,3.0,1,503,45.73,0,36,11%,5.0,13.0,0,0,7,0,8,50%,2,4,7,3,37.0,7,35.0,31.0,8.0,8.0,5.0,0.0
Jack Grealish,England,10/09/1995,180,Manchester City,Midfielder,8,5,1,0,0.0,0,0,0,0.0,0.0,7.0,2.0,29%,0,0.0,1,196,24.5,1,13,15%,0.0,6.0,2,0,2,0,5,40%,4,1,2,0,14.0,2,24.0,14.0,9.0,1.0,5.0,1.0
Jack Hinshelwood,England,11/04/2005,181,Brighton & Hove Albion,Midfielder,10,5,2,1,0.1,1,0,0,0.0,0.0,7.0,3.0,43%,0,1.0,0,444,44.4,0,21,19%,0.0,17.0,2,0,8,0,12,75%,2,4,14,6,30.0,8,20.0,26.0,1.0,5.0,7.0,0.0
Jack Taylor,Ireland,23/06/1998,185,Ipswich Town,Midfielder,7,0,4,0,0.0,0,0,0,0.0,0.0,5.0,2.0,40%,0,1.0,0,98,14.0,0,1,0%,1.0,6.0,2,0,6,0,3,33%,1,2,7,4,9.0,6,7.0,11.0,1.0,3.0,1.0,0.0
Jacob Murphy,England,24/02/1995,179,Newcastle United,Midfielder,10,3,4,0,0.0,0,0,0,0.0,0.0,7.0,3.0,43%,0,0.0,2,202,20.2,1,21,10%,2.0,5.0,1,0,3,2,8,75%,3,2,1,1,21.0,3,14.0,30.0,4.0,1.0,4.0,0.0
Jacob Ramsey,England,28/05/2001,180,Aston Villa,Midfielder,10,5,3,0,0.0,0,0,0,0.0,0.0,10.0,3.0,30%,0,0.0,2,255,25.5,3,5,0%,2.0,3.0,1,0,4,1,7,43%,4,5,2,1,34.0,4,32.0,22.0,16.0,1.0,3.0,0.0
Jakub Moder,Poland,07/04/1999,188,Brighton & Hove Albion,Midfielder,2,1,1,0,0.0,0,0,0,0.0,0.0,0.0,0.0,0%,0,0.0,0,13,6.5,0,0,0%,0.0,0.0,0,0,0,0,0,0%,0,0,2,0,1.0,0,0.0,2.0,0.0,0.0,0.0,0.0
Jamaldeen Jimoh,England,02/10/2006,183,Aston Villa,Midfielder,0,0,0,0,0.0,0,0,0,0.0,0.0,0.0,0.0,0%,0,0.0,0,0,0.0,0,0,0%,0.0,0.0,0,0,0,0,0,0%,0,0,0,0,0.0,0,0.0,0.0,0.0,0.0,0.0,0.0
James Garner,England,13/03/2001,186,Everton,Midfielder,4,1,1,0,0.0,0,0,0,0.0,0.0,2.0,0.0,0%,0,0.0,0,72,18.0,0,6,33%,0.0,2.0,1,0,4,0,10,80%,1,4,7,2,14.0,4,13.0,13.0,2.0,1.0,2.0,0.0
James Maddison,England,23/11/1996,175,Tottenham Hotspur,Midfielder,12,6,5,5,0.42,0,2,3,0.0,1.0,20.0,13.0,65%,0,4.0,3,489,40.75,3,55,25%,6.0,18.0,2,0,11,1,15,60%,5,7,11,5,32.0,11,62.0,49.0,15.0,5.0,3.0,0.0
James McAtee,England,18/10/2002,180,Manchester City,Midfielder,1,1,0,0,0.0,0,0,0,0.0,0.0,0.0,0.0,0%,0,0.0,0,4,4.0,0,0,0%,0.0,0.0,0,0,0,0,0,0%,0,0,0,0,0.0,0,0.0,1.0,0.0,0.0,1.0,0.0
James Milner,England,04/01/1986,175,Brighton & Hove Albion,Midfielder,3,2,0,0,0.0,0,0,0,0.0,0.0,2.0,1.0,50%,0,0.0,0,65,21.67,0,8,38%,2.0,1.0,1,0,3,0,5,40%,0,2,2,0,2.0,3,7.0,4.0,1.0,0.0,1.0,0.0
James Ward-Prowse,England,01/11/1994,173,Nottingham Forest,Midfielder,7,1,4,0,0.0,0,0,0,0.0,0.0,2.0,1.0,50%,0,0.0,0,170,24.29,0,22,23%,0.0,4.0,0,1,5,0,5,20%,1,5,5,2,18.0,5,10.0,11.0,0.0,3.0,4.0,0.0
Jayce Fitzgerald,England,09/05/2007,179,Manchester United U19,Midfielder,0,0,0,0,0.0,0,0,0,0.0,0.0,0.0,0.0,0%,0,0.0,0,0,0.0,0,0,0%,0.0,0.0,0,0,0,0,0,0%,0,0,0,0,0.0,0,0.0,0.0,0.0,0.0,0.0,0.0
Jean-Ricner Bellegarde,France,27/06/1998,170,Wolverhampton Wanderers,Midfielder,11,2,7,1,0.09,0,1,0,0.0,0.0,6.0,2.0,33%,0,0.0,1,134,12.18,0,11,18%,1.0,7.0,2,0,10,1,7,57%,1,5,6,2,20.0,10,26.0,46.0,3.0,1.0,11.0,0.0
Jefferson Lerma,Colombia,25/10/1994,179,Crystal Palace,Midfielder,9,1,5,0,0.0,0,0,0,0.0,0.0,7.0,0.0,0%,0,0.0,0,296,32.89,1,1,0%,2.0,17.0,4,0,11,0,8,63%,3,11,13,9,45.0,11,30.0,35.0,0.0,14.0,17.0,0.0
Jeffrey Schlupp,Ghana,23/12/1992,178,Crystal Palace,Midfielder,9,0,4,0,0.0,0,0,0,0.0,0.0,3.0,2.0,67%,1,0.0,0,37,4.11,0,4,25%,0.0,2.0,0,0,0,0,2,0%,0,0,1,0,5.0,0,5.0,6.0,1.0,2.0,3.0,0.0
Jens Cajuste,Sweden,10/08/1999,188,Ipswich Town,Midfielder,6,1,1,0,0.0,0,0,0,0.0,0.0,2.0,0.0,0%,0,0.0,0,118,19.67,0,4,0%,1.0,4.0,1,0,6,0,6,50%,0,2,4,1,16.0,6,14.0,18.0,5.0,0.0,5.0,0.0
Jesper Lindstrøm,Denmark,29/02/2000,182,Everton,Midfielder,8,1,3,0,0.0,0,0,0,0.0,0.0,14.0,6.0,43%,0,1.0,0,123,15.38,2,34,26%,1.0,2.0,0,0,2,1,14,36%,3,3,3,2,21.0,2,22.0,35.0,2.0,3.0,1.0,0.0
Joe Aribo,Nigeria,21/07/1996,183,Southampton,Midfielder,12,1,9,1,0.08,0,0,1,0.0,0.0,9.0,4.0,44%,2,1.0,0,314,26.17,1,6,0%,1.0,2.0,0,0,7,0,11,64%,3,7,9,5,34.0,7,37.0,36.0,8.0,8.0,2.0,0.0
Joe Willock,England,20/08/1999,179,Newcastle United,Midfielder,10,3,4,0,0.0,0,0,0,0.0,0.0,8.0,1.0,13%,0,0.0,1,123,12.3,3,7,14%,0.0,3.0,1,0,7,2,10,60%,4,2,3,1,15.0,7,21.0,31.0,5.0,0.0,5.0,0.0
John McGinn,Scotland,18/10/1994,178,Aston Villa,Midfielder,10,5,3,0,0.0,0,0,0,0.0,0.0,11.0,0.0,0%,0,1.0,1,192,19.2,3,19,16%,3.0,11.0,2,0,11,1,10,60%,5,2,3,3,27.0,11,40.0,33.0,6.0,5.0,5.0,0.0
 Jorginho,Italy,20/12/1991,180,Arsenal,Midfielder,4,3,1,0,0.0,0,0,0,0.0,0.0,1.0,0.0,0%,0,0.0,0,106,26.5,0,0,0%,1.0,3.0,3,0,5,0,2,50%,0,0,0,0,13.0,5,7.0,13.0,0.0,1.0,1.0,0.0
Joseph O'Brien-Whitmarsh,Ireland,11/05/2005,173,Southampton,Midfielder,0,0,0,0,0.0,0,0,0,0.0,0.0,0.0,0.0,0%,0,0.0,0,0,0.0,0,0,0%,0.0,0.0,0,0,0,0,0,0%,0,0,0,0,0.0,0,0.0,0.0,0.0,0.0,0.0,0.0
Josh Dasilva,England,23/10/1998,184,Brentford,Midfielder,0,0,0,0,0.0,0,0,0,0.0,0.0,0.0,0.0,0%,0,0.0,0,0,0.0,0,0,0%,0.0,0.0,0,0,0,0,0,0%,0,0,0,0,0.0,0,0.0,0.0,0.0,0.0,0.0,0.0
Josh King,England,03/01/2007,187,Fulham,Midfielder,0,0,0,0,0.0,0,0,0,0.0,0.0,0.0,0.0,0%,0,0.0,0,0,0.0,0,0,0%,0.0,0.0,0,0,0,0,0,0%,0,0,0,0,0.0,0,0.0,0.0,0.0,0.0,0.0,0.0
João Gomes,Brazil,12/02/2001,176,Wolverhampton Wanderers,Midfielder,12,2,7,2,0.17,0,1,1,0.0,0.0,11.0,4.0,36%,0,0.0,1,451,37.58,0,9,22%,1.0,15.0,4,0,25,1,40,53%,3,10,9,3,65.0,25,67.0,78.0,12.0,4.0,11.0,0.0
Julio Enciso,Paraguay,23/01/2004,173,Brighton & Hove Albion,Midfielder,7,3,1,0,0.0,0,0,0,0.0,0.0,5.0,3.0,60%,0,0.0,0,45,6.43,0,13,23%,0.0,0.0,0,0,1,0,0,0%,0,0,0,0,6.0,1,11.0,10.0,6.0,2.0,1.0,0.0
Justin Devenny,Northern Ireland,11/10/2003,178,Crystal Palace,Midfielder,2,0,1,1,0.5,0,1,0,0.0,0.0,3.0,1.0,33%,0,0.0,0,36,18.0,1,3,0%,0.0,1.0,0,0,0,0,4,75%,1,0,1,1,2.0,0,4.0,5.0,0.0,0.0,2.0,0.0
Kaden Rodney,England,07/10/2004,189,Crystal Palace,Midfielder,0,0,0,0,0.0,0,0,0,0.0,0.0,0.0,0.0,0%,0,0.0,0,0,0.0,0,0,0%,0.0,0.0,0,0,0,0,0,0%,0,0,0,0,0.0,0,0.0,0.0,0.0,0.0,0.0,0.0
Kai Havertz,Germany,11/06/1999,193,Arsenal,Midfielder,11,5,2,4,0.36,1,0,2,0.0,0.0,28.0,10.0,36%,0,6.0,1,244,22.18,1,5,20%,1.0,1.0,2,0,20,7,9,67%,6,5,24,17,24.0,20,64.0,103.0,6.0,37.0,50.0,0.0
Kamaldeen Sulemana,Ghana,15/02/2002,175,Southampton,Midfielder,3,0,2,0,0.0,0,0,0,0.0,0.0,1.0,0.0,0%,0,0.0,0,1,0.33,0,0,0%,0.0,0.0,0,0,1,1,3,100%,1,0,1,0,1.0,1,5.0,6.0,1.0,0.0,2.0,0.0
Kasey McAteer,Ireland,22/11/2001,177,Leicester City,Midfielder,6,0,4,0,0.0,0,0,0,0.0,0.0,3.0,0.0,0%,0,0.0,0,38,6.33,0,3,0%,0.0,0.0,0,0,3,2,4,50%,1,0,4,2,10.0,3,10.0,11.0,1.0,3.0,5.0,0.0
Kevin De Bruyne,Belgium,28/06/1991,181,Manchester City,Midfielder,6,4,2,1,0.17,0,0,1,0.0,0.0,16.0,3.0,19%,2,0.0,1,322,53.67,5,36,28%,4.0,15.0,2,0,5,2,3,67%,5,2,0,0,16.0,5,13.0,27.0,5.0,1.0,5.0,0.0
Kevin Schade,Germany,27/11/2001,183,Brentford,Midfielder,12,5,5,0,0.0,0,0,0,0.0,0.0,9.0,4.0,44%,1,5.0,0,96,8.0,0,10,10%,0.0,1.0,1,0,5,6,14,79%,2,0,6,3,16.0,5,46.0,41.0,5.0,19.0,13.0,0.0
Kiernan Dewsbury-Hall,England,06/09/1998,178,Chelsea,Midfielder,4,3,1,0,0.0,0,0,0,0.0,0.0,0.0,0.0,0%,0,0.0,0,37,9.25,0,0,0%,0.0,1.0,0,0,1,0,0,0%,0,1,1,1,2.0,1,2.0,2.0,1.0,0.0,0.0,0.0
Kobbie Mainoo,England,19/04/2005,175,Manchester United,Midfielder,7,2,3,0,0.0,0,0,0,0.0,0.0,4.0,0.0,0%,0,0.0,0,283,40.43,1,1,0%,1.0,11.0,4,0,10,1,16,81%,3,14,2,2,33.0,10,45.0,41.0,14.0,5.0,7.0,1.0
Leon Bailey,Jamaica,09/08/1997,178,Aston Villa,Midfielder,11,4,3,0,0.0,0,0,0,0.0,0.0,10.0,1.0,10%,2,1.0,2,179,16.27,3,18,17%,3.0,5.0,2,0,7,2,2,0%,4,1,6,2,31.0,7,21.0,40.0,7.0,2.0,4.0,0.0
Lesley Ugochukwu,France,26/03/2004,190,Southampton,Midfielder,6,1,4,0,0.0,0,0,0,0.0,0.0,1.0,0.0,0%,0,1.0,0,93,15.5,0,1,0%,0.0,0.0,1,0,4,0,5,40%,0,2,1,1,11.0,4,12.0,13.0,3.0,3.0,1.0,0.0
Lewis Cook,England,03/02/1997,175,Bournemouth,Midfielder,12,4,5,1,0.08,1,0,0,0.0,0.0,8.0,2.0,25%,0,0.0,3,503,41.92,4,57,23%,3.0,19.0,4,0,28,1,32,59%,3,20,17,7,63.0,28,45.0,68.0,2.0,9.0,13.0,0.0
Lewis Miley,England,01/05/2006,185,Newcastle United,Midfielder,0,0,0,0,0.0,0,0,0,0.0,0.0,0.0,0.0,0%,0,0.0,0,0,0.0,0,0,0%,0.0,0.0,0,0,0,0,0,0%,0,0,0,0,0.0,0,0.0,0.0,0.0,0.0,0.0,0.0
Lucas Bergvall,Sweden,02/02/2006,187,Tottenham Hotspur,Midfielder,6,4,1,0,0.0,0,0,0,0.0,0.0,2.0,0.0,0%,0,0.0,0,54,9.0,1,5,60%,0.0,2.0,0,0,3,0,5,40%,1,0,0,0,5.0,3,11.0,10.0,3.0,1.0,0.0,0.0
Lucas Paquetá,Brazil,27/08/1997,180,West Ham United,Midfielder,13,4,6,2,0.15,0,1,1,1.0,0.0,16.0,4.0,25%,0,0.0,0,555,42.69,2,14,14%,4.0,38.0,4,0,20,1,23,70%,5,7,15,10,63.0,20,56.0,86.0,7.0,14.0,23.0,1.0
Luke Cundle,England,26/04/2002,170,Wolverhampton Wanderers,Midfielder,0,0,0,0,0.0,0,0,0,0.0,0.0,0.0,0.0,0%,0,0.0,0,0,0.0,0,0,0%,0.0,0.0,0,0,0,0,0,0%,0,0,0,0,0.0,0,0.0,0.0,0.0,0.0,0.0,0.0
Manuel Ugarte,Uruguay,11/04/2001,182,Manchester United,Midfielder,7,3,1,0,0.0,0,0,0,0.0,0.0,1.0,0.0,0%,0,0.0,0,161,23.0,1,0,0%,0.0,4.0,2,0,12,0,18,61%,1,5,4,3,22.0,12,26.0,29.0,1.0,1.0,5.0,0.0
Marcus Tavernier,England,22/03/1999,178,Bournemouth,Midfielder,12,4,5,1,0.08,0,1,0,0.0,0.0,24.0,8.0,33%,2,3.0,2,320,26.67,3,60,23%,3.0,13.0,2,0,10,2,22,55%,6,3,5,3,38.0,10,52.0,76.0,12.0,7.0,18.0,0.0
Mario Lemina,Gabon,01/09/1993,184,Wolverhampton Wanderers,Midfielder,12,2,7,1,0.08,0,1,0,0.0,0.0,12.0,4.0,33%,0,1.0,3,375,31.25,2,8,50%,4.0,21.0,2,0,13,2,36,58%,2,23,33,13,50.0,13,66.0,33.0,10.0,15.0,6.0,0.0
Martin Ødegaard,Norway,17/12/1998,178,Arsenal,Midfielder,5,3,0,0,0.0,0,0,0,0.0,0.0,7.0,3.0,43%,0,2.0,2,205,41.0,3,6,17%,5.0,4.0,1,0,3,0,7,57%,2,1,1,0,16.0,3,21.0,24.0,8.0,1.0,0.0,0.0
Mason Mount,England,10/01/1999,181,Manchester United,Midfielder,4,1,2,0,0.0,0,0,0,0.0,0.0,2.0,2.0,100%,0,1.0,0,46,11.5,0,4,25%,0.0,1.0,2,0,4,0,5,20%,0,0,0,0,4.0,4,8.0,14.0,0.0,1.0,2.0,0.0
Massimo Luongo,Australia,25/09/1992,176,Ipswich Town,Midfielder,5,1,2,0,0.0,0,0,0,0.0,0.0,0.0,0.0,0%,0,0.0,0,44,8.8,0,0,0%,0.0,0.0,0,0,1,0,5,60%,0,2,2,1,10.0,1,8.0,5.0,0.0,1.0,0.0,0.0
Mateo Kovacic,Croatia,06/05/1994,177,Manchester City,Midfielder,11,7,2,3,0.27,0,3,0,0.0,0.0,20.0,5.0,25%,0,0.0,0,772,70.18,2,0,0%,2.0,12.0,3,0,8,0,22,64%,10,5,6,0,44.0,8,49.0,42.0,15.0,5.0,0.0,0.0
Mateus Fernandes,Portugal,10/07/2004,178,Southampton,Midfielder,12,1,9,1,0.08,0,0,1,0.0,0.0,11.0,3.0,27%,0,2.0,1,382,31.83,2,26,23%,8.0,18.0,3,0,15,0,34,53%,4,6,11,7,46.0,15,70.0,62.0,16.0,4.0,4.0,0.0
Matheus Nunes,Portugal,27/08/1998,183,Manchester City,Midfielder,8,6,2,0,0.0,0,0,0,0.0,0.0,3.0,0.0,0%,0,0.0,2,157,19.63,2,13,31%,1.0,4.0,0,0,9,0,9,44%,1,1,3,2,12.0,9,22.0,22.0,5.0,4.0,3.0,0.0
Mathias Jensen,Denmark,01/01/1996,180,Brentford,Midfielder,7,4,2,0,0.0,0,0,0,0.0,0.0,5.0,1.0,20%,0,0.0,1,171,24.43,2,20,25%,0.0,10.0,1,0,6,0,3,100%,1,3,6,1,23.0,6,17.0,18.0,2.0,3.0,2.0,0.0
Mats Wieffer,Netherlands,16/11/1999,188,Brighton & Hove Albion,Midfielder,9,4,2,0,0.0,0,0,0,0.0,0.0,3.0,1.0,33%,0,1.0,1,207,23.0,0,1,0%,0.0,4.0,1,0,8,0,12,50%,0,3,9,4,23.0,8,28.0,28.0,2.0,12.0,6.0,1.0
Matt O'Riley,Denmark,21/11/2000,187,Brighton & Hove Albion,Midfielder,3,2,0,1,0.33,0,0,1,0.0,0.0,4.0,2.0,50%,0,0.0,0,36,12.0,0,3,0%,1.0,0.0,1,0,2,0,2,100%,0,1,3,2,7.0,2,6.0,4.0,0.0,1.0,0.0,0.0
Michael Golding,England,23/05/2006,178,Leicester City,Midfielder,0,0,0,0,0.0,0,0,0,0.0,0.0,0.0,0.0,0%,0,0.0,0,0,0.0,0,0,0%,0.0,0.0,0,0,0,0,0,0%,0,0,0,0,0.0,0,0.0,0.0,0.0,0.0,0.0,0.0
Miguel Almirón,Paraguay,10/02/1994,174,Newcastle United,Midfielder,5,1,2,0,0.0,0,0,0,0.0,0.0,4.0,1.0,25%,0,0.0,0,37,7.4,0,0,0%,1.0,1.0,0,0,1,1,1,100%,1,0,0,0,4.0,1,2.0,5.0,0.0,0.0,2.0,0.0
Mikel Merino,Spain,22/06/1996,189,Arsenal,Midfielder,6,2,2,1,0.17,1,0,0,0.0,0.0,7.0,3.0,43%,0,1.0,0,156,26.0,1,3,0%,2.0,4.0,1,0,12,2,14,71%,1,8,5,4,23.0,12,33.0,32.0,2.0,12.0,10.0,0.0
Mikkel Damsgaard,Denmark,03/07/2000,180,Brentford,Midfielder,12,5,5,1,0.08,0,1,0,0.0,0.0,9.0,4.0,44%,0,2.0,4,366,30.5,6,33,33%,8.0,10.0,0,0,3,0,31,65%,3,11,17,5,46.0,3,60.0,56.0,13.0,8.0,9.0,0.0
Mohammed Kudus,Ghana,02/08/2000,177,West Ham United,Midfielder,8,2,4,2,0.25,1,1,0,0.0,0.0,27.0,11.0,41%,2,3.0,0,180,22.5,2,23,26%,1.0,13.0,0,1,9,4,9,78%,8,1,1,1,28.0,9,53.0,68.0,28.0,3.0,8.0,0.0
Moisés Caicedo,Ecuador,02/11/2001,178,Chelsea,Midfielder,12,6,2,1,0.08,0,1,0,0.0,0.0,7.0,1.0,14%,0,0.0,2,655,54.58,3,5,40%,5.0,27.0,3,0,23,0,41,66%,3,19,14,7,63.0,23,78.0,56.0,8.0,12.0,7.0,0.0
Morgan Gibbs-White,England,27/01/2000,171,Nottingham Forest,Midfielder,9,4,1,1,0.11,0,1,0,0.0,0.0,18.0,8.0,44%,0,0.0,0,297,33.0,2,5,0%,7.0,14.0,2,1,17,2,13,31%,4,4,7,1,32.0,17,47.0,58.0,12.0,11.0,11.0,0.0
Mykhailo Mudryk,Ukraine,05/01/2001,175,Chelsea,Midfielder,7,3,0,0,0.0,0,0,0,0.0,0.0,1.0,1.0,100%,0,0.0,0,35,5.0,2,7,14%,1.0,1.0,0,0,2,1,2,100%,0,0,1,1,9.0,2,9.0,17.0,3.0,2.0,4.0,0.0
Myles Lewis-Skelly,England,26/09/2006,178,Arsenal U19,Midfielder,2,0,0,0,0.0,0,0,0,0.0,0.0,0.0,0.0,0%,0,0.0,0,10,5.0,0,0,0%,0.0,0.0,1,0,0,0,1,100%,0,0,1,0,1.0,0,1.0,0.0,0.0,0.0,0.0,0.0
Nicolás Domínguez,Argentina,28/06/1998,179,Nottingham Forest,Midfielder,10,5,3,0,0.0,0,0,0,0.0,0.0,9.0,3.0,33%,0,1.0,0,309,30.9,0,1,100%,1.0,7.0,3,0,12,0,22,50%,1,12,14,5,35.0,12,38.0,32.0,1.0,8.0,6.0,0.0
Oliver Skipp,England,16/09/2000,175,Leicester City,Midfielder,7,2,4,0,0.0,0,0,0,0.0,0.0,1.0,1.0,100%,0,0.0,0,194,27.71,0,0,0%,2.0,6.0,3,0,7,0,5,40%,0,4,7,5,21.0,7,23.0,20.0,4.0,5.0,1.0,0.0
Orel Mangala,Belgium,18/03/1998,178,Everton,Midfielder,9,2,2,0,0.0,0,0,0,0.0,0.0,6.0,1.0,17%,0,0.0,0,209,23.22,0,2,0%,0.0,4.0,0,0,12,0,11,45%,2,11,2,1,26.0,12,29.0,25.0,8.0,1.0,5.0,0.0
Oscar Bobb,Norway,12/07/2003,174,Manchester City,Midfielder,0,0,0,0,0.0,0,0,0,0.0,0.0,0.0,0.0,0%,0,0.0,0,0,0.0,0,0,0%,0.0,0.0,0,0,0,0,0,0%,0,0,0,0,0.0,0,0.0,0.0,0.0,0.0,0.0,0.0
Owen Barker,England,23/02/2005,173,Everton,Midfielder,0,0,0,0,0.0,0,0,0,0.0,0.0,0.0,0.0,0%,0,0.0,0,0,0.0,0,0,0%,0.0,0.0,0,0,0,0,0,0%,0,0,0,0,0.0,0,0.0,0.0,0.0,0.0,0.0,0.0
Pablo Sarabia,Spain,11/05/1992,174,Wolverhampton Wanderers,Midfielder,5,1,2,1,0.2,0,0,1,0.0,0.0,4.0,4.0,100%,0,2.0,0,78,15.6,0,10,30%,0.0,3.0,1,0,1,3,5,60%,0,2,2,0,6.0,1,14.0,11.0,4.0,1.0,4.0,0.0
Paris Maghoma,England,08/05/2001,181,Brentford,Midfielder,0,0,0,0,0.0,0,0,0,0.0,0.0,0.0,0.0,0%,0,0.0,0,0,0.0,0,0,0%,0.0,0.0,0,0,0,0,0,0%,0,0,0,0,0.0,0,0.0,0.0,0.0,0.0,0.0,0.0
Phil Foden,England,28/05/2000,171,Manchester City,Midfielder,9,4,3,0,0.0,0,0,0,0.0,0.0,20.0,2.0,10%,0,1.0,1,291,32.33,3,35,43%,3.0,8.0,0,0,1,2,1,0%,7,3,2,0,18.0,1,21.0,19.0,6.0,1.0,3.0,0.0
Philip Billing,Denmark,11/06/1996,193,Bournemouth,Midfielder,3,1,1,0,0.0,0,0,0,0.0,0.0,0.0,0.0,0%,0,0.0,0,14,4.67,0,3,33%,0.0,0.0,0,0,0,0,4,0%,0,1,0,0,3.0,0,6.0,4.0,0.0,1.0,1.0,0.0
Remo Freuler,Switzerland,15/04/1992,180,Bologna,Midfielder,0,0,0,0,0.0,0,0,0,0.0,0.0,0.0,0.0,0%,0,0.0,0,0,0.0,0,0,0%,0.0,0.0,0,0,0,0,0,0%,0,0,0,0,0.0,0,0.0,0.0,0.0,0.0,0.0,0.0
Renato Veiga,Portugal,29/07/2003,190,Chelsea,Midfielder,5,3,2,0,0.0,0,0,0,0.0,0.0,3.0,1.0,33%,0,1.0,0,123,24.6,0,0,0%,0.0,5.0,2,0,3,1,8,63%,0,1,2,1,8.0,3,15.0,11.0,3.0,3.0,2.0,0.0
 Rodri,Spain,22/06/1996,190,Manchester City,Midfielder,2,1,0,0,0.0,0,0,0,0.0,0.0,0.0,0.0,0%,0,0.0,0,61,30.5,0,0,0%,0.0,5.0,0,0,1,0,2,50%,0,1,0,0,7.0,1,5.0,1.0,0.0,1.0,0.0,0.0
Rodrigo Bentancur,Uruguay,25/06/1997,187,Tottenham Hotspur,Midfielder,10,4,5,1,0.1,1,0,0,0.0,0.0,11.0,3.0,27%,0,0.0,0,390,39.0,0,0,0%,0.0,5.0,4,0,13,0,19,47%,4,16,5,1,42.0,13,32.0,31.0,2.0,8.0,8.0,0.0
Romeo Akachukwu,Ireland,28/07/2006,178,Southampton,Midfielder,0,0,0,0,0.0,0,0,0,0.0,0.0,0.0,0.0,0%,0,0.0,0,0,0.0,0,0,0%,0.0,0.0,0,0,0,0,0,0%,0,0,0,0,0.0,0,0.0,0.0,0.0,0.0,0.0,0.0
Roméo Lavia,Belgium,06/01/2004,181,Chelsea,Midfielder,7,3,2,0,0.0,0,0,0,0.0,0.0,0.0,0.0,0%,0,0.0,1,185,26.43,1,0,0%,1.0,5.0,2,0,5,0,11,45%,0,7,5,3,16.0,5,23.0,18.0,6.0,5.0,0.0,0.0
Ross Barkley,England,05/12/1993,189,Aston Villa,Midfielder,9,4,1,2,0.22,1,1,0,0.0,0.0,9.0,3.0,33%,0,0.0,1,238,26.44,0,0,0%,0.0,4.0,3,0,5,0,7,29%,1,4,3,1,21.0,5,15.0,12.0,4.0,4.0,1.0,0.0
Ryan Christie,Scotland,22/02/1995,178,Bournemouth,Midfielder,12,5,4,1,0.08,0,0,1,0.0,0.0,8.0,3.0,38%,1,0.0,0,358,29.83,1,9,22%,1.0,14.0,5,0,18,1,13,62%,4,6,20,15,70.0,18,40.0,52.0,10.0,7.0,11.0,0.0
Ryan Fraser,Scotland,24/02/1994,163,Southampton,Midfielder,6,0,4,0,0.0,0,0,0,0.0,0.0,1.0,1.0,100%,0,0.0,0,65,10.83,0,11,0%,0.0,1.0,0,1,1,1,6,33%,0,1,8,3,8.0,1,13.0,8.0,2.0,2.0,2.0,0.0
Ryan Gravenberch,Netherlands,16/05/2002,190,Liverpool,Midfielder,12,10,1,0,0.0,0,0,0,0.0,0.0,7.0,2.0,29%,0,1.0,1,743,61.92,2,2,100%,4.0,16.0,2,0,18,0,21,71%,2,23,13,4,68.0,18,69.0,37.0,13.0,11.0,2.0,0.0
Ryan Sessegnon,England,18/05/2000,178,Fulham,Midfielder,0,0,0,0,0.0,0,0,0,0.0,0.0,0.0,0.0,0%,0,0.0,0,0,0.0,0,0,0%,0.0,0.0,0,0,0,0,0,0%,0,0,0,0,0.0,0,0.0,0.0,0.0,0.0,0.0,0.0
Ryan Trevitt,England,12/03/2003,170,Brentford,Midfielder,1,0,1,0,0.0,0,0,0,0.0,0.0,0.0,0.0,0%,0,0.0,0,6,6.0,0,0,0%,0.0,0.0,0,0,0,0,1,100%,0,0,0,0,2.0,0,1.0,0.0,0.0,0.0,0.0,0.0
Ryan Yates,England,21/11/1997,190,Nottingham Forest,Midfielder,12,5,3,1,0.08,0,1,0,0.0,0.0,19.0,5.0,26%,1,3.0,0,384,32.0,0,2,0%,0.0,3.0,4,0,20,5,19,53%,6,12,27,17,44.0,20,72.0,57.0,5.0,23.0,17.0,0.0
Salah-Eddine Oulad M'hand,Netherlands,20/08/2003,177,Arsenal,Midfielder,0,0,0,0,0.0,0,0,0,0.0,0.0,0.0,0.0,0%,0,0.0,0,0,0.0,0,0,0%,0.0,0.0,0,0,0,0,0,0%,0,0,0,0,0.0,0,0.0,0.0,0.0,0.0,0.0,0.0
Sam Amo-Ameyaw,England,18/07/2006,174,Southampton,Midfielder,1,0,1,0,0.0,0,0,0,0.0,0.0,1.0,0.0,0%,0,0.0,0,4,4.0,0,1,100%,0.0,0.0,0,0,0,0,0,0%,1,0,0,0,0.0,0,1.0,2.0,0.0,0.0,0.0,0.0
Sam Morsy,Egypt,10/09/1991,175,Ipswich Town,Midfielder,11,1,4,1,0.09,0,1,0,0.0,0.0,6.0,1.0,17%,0,0.0,1,567,51.55,0,5,80%,1.0,24.0,4,0,20,0,29,59%,4,8,16,6,53.0,20,55.0,46.0,10.0,6.0,9.0,0.0
Sam Szmodics,Ireland,24/09/1995,168,Ipswich Town,Midfielder,12,1,5,3,0.25,0,3,0,0.0,0.0,13.0,7.0,54%,0,4.0,0,107,8.92,0,6,33%,0.0,6.0,1,0,7,6,8,63%,0,4,6,3,21.0,7,22.0,31.0,3.0,4.0,7.0,0.0
Samuel Rak-Sakyi,England,27/03/2005,178,Chelsea,Midfielder,0,0,0,0,0.0,0,0,0,0.0,0.0,0.0,0.0,0%,0,0.0,0,0,0.0,0,0,0%,0.0,0.0,0,0,0,0,0,0%,0,0,0,0,0.0,0,0.0,0.0,0.0,0.0,0.0,0.0
Sander Berge,Norway,14/02/1998,195,Fulham,Midfielder,9,4,2,0,0.0,0,0,0,0.0,0.0,0.0,0.0,0%,0,0.0,0,304,33.78,0,0,0%,1.0,11.0,0,0,6,0,14,57%,0,12,5,5,36.0,6,26.0,18.0,0.0,11.0,4.0,0.0
Sandro Tonali,Italy,08/05/2000,181,Newcastle United,Midfielder,10,4,4,0,0.0,0,0,0,0.0,0.0,6.0,3.0,50%,0,0.0,1,165,16.5,1,12,8%,0.0,4.0,3,0,7,1,11,64%,3,10,6,1,28.0,7,28.0,24.0,3.0,1.0,3.0,0.0
Sasa Lukic,Serbia,13/08/1996,183,Fulham,Midfielder,8,3,3,0,0.0,0,0,0,0.0,0.0,0.0,0.0,0%,0,0.0,0,361,45.13,1,2,100%,0.0,8.0,4,0,21,0,19,47%,0,10,5,5,31.0,21,36.0,37.0,1.0,7.0,2.0,0.0
Sean Longstaff,England,30/10/1997,180,Newcastle United,Midfielder,11,5,3,0,0.0,0,0,0,0.0,0.0,4.0,1.0,25%,0,0.0,0,227,20.64,0,4,0%,1.0,8.0,2,0,6,0,25,64%,2,5,4,2,25.0,6,36.0,28.0,1.0,7.0,6.0,0.0
Solly March,England,20/07/1994,180,Brighton & Hove Albion,Midfielder,0,0,0,0,0.0,0,0,0,0.0,0.0,0.0,0.0,0%,0,0.0,0,0,0.0,0,0,0%,0.0,0.0,0,0,0,0,0,0%,0,0,0,0,0.0,0,0.0,0.0,0.0,0.0,0.0,0.0
Thomas Partey,Ghana,13/06/1993,185,Arsenal,Midfielder,12,6,2,2,0.17,0,2,0,0.0,0.0,9.0,3.0,33%,0,0.0,0,614,51.17,0,3,33%,2.0,19.0,2,0,19,0,36,67%,1,14,22,11,44.0,19,69.0,51.0,4.0,13.0,6.0,0.0
Tim Iroegbunam,England,30/06/2003,183,Everton,Midfielder,6,0,4,0,0.0,0,0,0,0.0,0.0,4.0,0.0,0%,0,0.0,0,97,16.17,0,0,0%,0.0,7.0,2,0,10,0,18,50%,2,8,4,1,33.0,10,34.0,30.0,5.0,5.0,1.0,0.0
Toby Collyer,England,03/01/2004,180,Manchester United,Midfielder,1,0,1,0,0.0,0,0,0,0.0,0.0,0.0,0.0,0%,0,0.0,0,19,19.0,0,0,0%,0.0,1.0,0,0,0,0,4,75%,0,0,1,1,3.0,0,7.0,0.0,1.0,0.0,0.0,0.0
Tom Cairney,Scotland,20/01/1991,185,Fulham,Midfielder,9,3,4,0,0.0,0,0,0,0.0,0.0,0.0,0.0,0%,0,0.0,0,166,18.44,2,6,50%,0.0,4.0,2,0,2,0,4,25%,0,2,0,0,14.0,2,12.0,7.0,3.0,2.0,3.0,0.0
Tomás Soucek,Czech Republic,27/02/1995,192,West Ham United,Midfielder,11,4,4,3,0.27,1,0,2,0.0,0.0,20.0,6.0,30%,0,3.0,0,286,26.0,0,3,0%,0.0,12.0,3,0,12,1,14,57%,5,8,28,17,18.0,12,54.0,52.0,0.0,34.0,25.0,0.0
Tony Yogane,England,24/09/2005,178,Brentford,Midfielder,0,0,0,0,0.0,0,0,0,0.0,0.0,0.0,0.0,0%,0,0.0,0,0,0.0,0,0,0%,0.0,0.0,0,0,0,0,0,0%,0,0,0,0,0.0,0,0.0,0.0,0.0,0.0,0.0,0.0
Treymaurice Nyoni,England,30/06/2007,180,Liverpool U19,Midfielder,0,0,0,0,0.0,0,0,0,0.0,0.0,0.0,0.0,0%,0,0.0,0,0,0.0,0,0,0%,0.0,0.0,0,0,0,0,0,0%,0,0,0,0,0.0,0,0.0,0.0,0.0,0.0,0.0,0.0
Tyler Adams,United States,14/02/1999,173,Bournemouth,Midfielder,4,1,2,0,0.0,0,0,0,0.0,0.0,1.0,0.0,0%,0,0.0,0,87,21.75,0,0,0%,1.0,0.0,1,0,2,0,10,60%,1,6,1,1,13.0,2,12.0,4.0,0.0,2.0,0.0,0.0
Tyler Dibling,England,17/02/2006,178,Southampton,Midfielder,13,1,10,1,0.08,0,0,1,0.0,0.0,12.0,5.0,42%,1,0.0,0,217,16.69,1,14,29%,4.0,6.0,5,0,15,0,14,71%,4,4,5,3,28.0,15,66.0,70.0,21.0,2.0,10.0,0.0
Tyler Morton,England,31/10/2002,182,Hull City,Midfielder,0,0,0,0,0.0,0,0,0,0.0,0.0,0.0,0.0,0%,0,0.0,0,0,0.0,0,0,0%,0.0,0.0,0,0,0,0,0,0%,0,0,0,0,0.0,0,0.0,0.0,0.0,0.0,0.0,0.0
Vitaly Janelt,Germany,10/05/1998,184,Brentford,Midfielder,12,5,5,1,0.08,0,0,1,0.0,0.0,8.0,3.0,38%,0,0.0,3,431,35.92,6,15,47%,2.0,29.0,1,0,9,0,15,67%,2,10,25,6,49.0,9,30.0,28.0,2.0,8.0,7.0,0.0
Wataru Endo,Japan,09/02/1993,178,Liverpool,Midfielder,6,5,0,0,0.0,0,0,0,0.0,0.0,0.0,0.0,0%,0,0.0,0,20,3.33,0,0,0%,0.0,0.0,0,0,2,0,3,67%,0,1,1,1,4.0,2,5.0,4.0,1.0,0.0,1.0,0.0
Wilfred Ndidi,Nigeria,16/12/1996,183,Leicester City,Midfielder,12,2,6,0,0.0,0,0,0,0.0,0.0,11.0,5.0,45%,0,1.0,4,415,34.58,4,11,18%,4.0,10.0,4,0,22,2,37,57%,0,6,28,18,56.0,22,75.0,80.0,9.0,22.0,22.0,0.0
Will Alves,England,04/05/2005,192,Leicester City,Midfielder,0,0,0,0,0.0,0,0,0,0.0,0.0,0.0,0.0,0%,0,0.0,0,0,0.0,0,0,0%,0.0,0.0,0,0,0,0,0,0%,0,0,0,0,0.0,0,0.0,0.0,0.0,0.0,0.0,0.0
Will Hughes,England,17/04/1995,185,Crystal Palace,Midfielder,11,1,4,0,0.0,0,0,0,0.0,0.0,7.0,1.0,14%,0,0.0,0,279,25.36,0,24,21%,0.0,7.0,5,0,18,0,25,52%,4,5,2,1,33.0,18,39.0,49.0,1.0,5.0,5.0,0.0
Will Smallbone,Ireland,21/02/2000,183,Southampton,Midfielder,4,0,4,0,0.0,0,0,0,0.0,0.0,4.0,0.0,0%,0,0.0,0,104,26.0,0,19,11%,0.0,1.0,0,0,4,0,7,43%,4,0,2,1,7.0,4,10.0,9.0,1.0,1.0,1.0,0.0
Yasin Ayari,Sweden,06/10/2003,172,Blackburn Rovers,Midfielder,11,5,2,0,0.0,0,0,0,0.0,0.0,9.0,2.0,22%,0,1.0,0,286,26.0,2,26,27%,5.0,2.0,2,0,14,3,28,43%,4,8,7,2,47.0,14,57.0,52.0,9.0,4.0,9.0,0.0
Yehor Yarmoliuk,Ukraine,01/03/2004,180,Brentford,Midfielder,8,2,4,0,0.0,0,0,0,0.0,0.0,3.0,1.0,33%,0,0.0,0,105,13.13,0,5,20%,1.0,1.0,1,0,2,0,3,67%,1,4,4,2,18.0,2,8.0,15.0,2.0,3.0,1.0,0.0
Yoane Wissa,DR Congo,03/09/1996,176,Brentford,Midfielder,9,4,4,7,0.78,2,3,2,0.0,0.0,17.0,10.0,59%,0,4.0,1,150,16.67,0,3,0%,2.0,6.0,1,0,6,1,2,50%,3,3,3,2,18.0,6,29.0,24.0,4.0,8.0,5.0,0.0
Youri Tielemans,Belgium,07/05/1997,176,Aston Villa,Midfielder,12,5,3,0,0.0,0,0,0,0.0,0.0,10.0,3.0,30%,0,1.0,4,741,61.75,7,60,30%,8.0,26.0,3,0,19,0,27,67%,6,12,13,5,51.0,19,65.0,51.0,10.0,7.0,9.0,0.0
Yunus Konak,Turkey,10/01/2006,181,Brentford,Midfielder,4,2,1,0,0.0,0,0,0,0.0,0.0,1.0,0.0,0%,0,0.0,0,15,3.75,0,0,0%,0.0,1.0,0,0,2,0,1,100%,0,0,0,0,1.0,2,3.0,9.0,0.0,2.0,2.0,0.0
Yves Bissouma,Mali,30/08/1996,182,Tottenham Hotspur,Midfielder,9,5,4,2,0.22,0,2,0,0.0,0.0,3.0,2.0,67%,0,0.0,0,326,36.22,0,0,0%,1.0,10.0,3,0,6,0,14,71%,0,7,13,8,22.0,6,30.0,26.0,5.0,2.0,2.0,0.0
